feature,best_class,best_p,best_q,best_effect_size
cg_000000,T-lymphoblastic leukaemia,0.059793703172014045,0.5381433285481264,-0.28741111078680465
cg_000001,Juvenile myelomonocytic leukaemia,0.06985047977890137,0.6286543180101123,0.5964441067274668
cg_000002,Mixed phenotype acute leukaemia,0.07160559248800782,0.6444503323920704,-0.5445618343880478
cg_000003,Acute promyelocytic leukaemia,0.030113208716748437,0.2710188784507359,0.6993778764773649
cg_000004,Mixed phenotype acute leukaemia,0.010187350098698717,0.09168615088828845,-0.6546978559541539
cg_000005,Mixed phenotype acute leukaemia,0.057180548001593764,0.5146249320143439,-0.6415917379009808
cg_000006,Acute undifferentiated leukaemia,0.05052430211228152,0.4547187190105337,0.8033862740840202
cg_000007,Acute myeloid leukaemia,0.051242797626279306,0.18310103395843108,-0.30323305207895745
cg_000008,Acute promyelocytic leukaemia,0.03731191890364906,0.3358072701328415,0.7183589061048472
cg_000009,Therapy-related acute myeloid leukaemia,0.03443676266658954,0.3099308639993059,-0.8040168361219048
cg_000010,Acute undifferentiated leukaemia,0.05215135968420242,0.46936223715782177,-0.9125582159217289
cg_000011,Acute undifferentiated leukaemia,0.012011459627619011,0.1081031366485711,1.408718299747315
cg_000012,Acute myeloid leukaemia,0.7620313377703697,0.9759127894886591,-0.04329096381039987
cg_000013,Acute myeloid leukaemia,0.9311645681150783,0.9318972166375032,-0.013069606909964128
cg_000014,T-lymphoblastic leukaemia,0.014260587981824367,0.1283452918364193,0.3552636471112581
cg_000015,Acute myeloid leukaemia,0.043557353907608065,0.18778310697629927,0.29805541164105115
cg_000016,Acute myeloid leukaemia,0.9146103471775449,0.9739744520317206,0.015710832710091212
cg_000017,Juvenile myelomonocytic leukaemia,0.06740402036941251,0.6066361833247126,0.7774781573043047
cg_000018,Acute promyelocytic leukaemia,0.00274319200665513,0.02468872805989617,-0.9305116610133403
cg_000019,Therapy-related acute myeloid leukaemia,0.027985091728278,0.251865825554502,0.7657760511044449
cg_000020,Acute myeloid leukaemia,0.8909672311871742,0.8909672311871744,0.020565185978642646
cg_000021,B-lymphoblastic leukaemia,0.005143371756168014,0.02585711129827125,0.2849571869060923
cg_000022,Acute promyelocytic leukaemia,0.10118396205960012,0.45532782926820053,-0.4742694365606042
cg_000023,Acute myeloid leukaemia,0.5540607754214066,0.7348432406255001,-0.08409822122985962
cg_000024,Acute myeloid leukaemia,0.23740233089564297,0.5341552445151967,-0.17309353265531802
cg_000025,Healthy,0.159944075126797,0.47983222538039105,0.20150198732011104
cg_000026,B-lymphoblastic leukaemia,0.14099611025905887,0.8282752429884288,-0.1486875875697017
cg_000027,Juvenile myelomonocytic leukaemia,0.043863123054759146,0.3947681074928323,-1.0509950148985028
cg_000028,Mixed phenotype acute leukaemia,0.007954342185587767,0.0715890796702899,0.667101373082653
cg_000029,Therapy-related acute myeloid leukaemia,0.06371878648030296,0.5734690783227266,-0.7412955822988279
cg_000030,B-lymphoblastic leukaemia,0.0620267930660746,0.2766745424106694,0.18969891119160678
cg_000031,Acute myeloid leukaemia,0.4662405492176602,0.5994521347084204,0.10754459718768233
cg_000032,Acute myeloid leukaemia,0.08324720489746519,0.554534954498781,0.26492498097047457
cg_000033,Acute myeloid leukaemia,0.0818950646250488,0.5125558324062881,0.2634701951837575
cg_000034,Acute promyelocytic leukaemia,0.4737929575878137,0.8528273236580647,-0.3024321232464858
cg_000035,Acute promyelocytic leukaemia,0.08656408599888833,0.779076773989995,-0.5520699209520311
cg_000036,Mixed phenotype acute leukaemia,0.0037977474654032773,0.034179727188629494,0.8770676335901316
cg_000037,Mixed phenotype acute leukaemia,0.2875790761454482,0.6470529213272584,0.3384063101813018
cg_000038,Acute myeloid leukaemia,0.31770253243014906,0.7676274955503689,-0.15311990787080343
cg_000039,Acute myeloid leukaemia,0.8397934096784221,0.9784088343721982,0.03037158062143144
cg_000040,Mixed phenotype acute leukaemia,0.037011392020934064,0.3331025281884066,0.7162047568754598
cg_000041,Juvenile myelomonocytic leukaemia,0.008739161467058033,0.0786524532035223,-0.9194629664413078
cg_000042,Acute promyelocytic leukaemia,0.01821252080394256,0.16391268723548305,-0.9390965321117961
cg_000043,Acute promyelocytic leukaemia,0.01600254767358079,0.1440229290622271,-0.8423909792359289
cg_000044,T-lymphoblastic leukaemia,0.03962005908374607,0.3565805317537146,0.32731556025944536
cg_000045,Therapy-related acute myeloid leukaemia,0.26377710181330205,0.7913313054399062,0.361994276934251
cg_000046,Acute myeloid leukaemia,0.08542005917084261,0.5204787747705624,-0.2505623114214673
cg_000047,B-lymphoblastic leukaemia,0.11047830913329014,0.6455788739307475,0.16337318554858976
cg_000048,Acute myeloid leukaemia,0.1535838182991336,0.46075145489740077,-0.19377125430795702
cg_000049,Acute myeloid leukaemia,0.2383982095588088,0.9125636417667464,-0.16100289310326682
cg_000050,Mixed phenotype acute leukaemia,0.3664925540393904,0.9335701766308109,-0.2764706280692851
cg_000051,Mixed phenotype acute leukaemia,0.09523396362579194,0.4285528363160637,-0.3737190752248707
cg_000052,Acute undifferentiated leukaemia,6.862462208222865e-05,0.0006176215987400578,1.2189719271123336
cg_000053,Therapy-related acute myeloid leukaemia,0.002057714116753507,0.018519427050781564,0.9017300188971682
cg_000054,Acute myeloid leukaemia,0.2691804405400798,0.8075413216202394,0.1511903505481265
cg_000055,Mixed phenotype acute leukaemia,0.009138745206703528,0.08224870686033176,-0.6205645616022586
cg_000056,Acute myeloid leukaemia,0.44906214829772717,0.9603287488340919,0.10496717478941286
cg_000057,Mixed phenotype acute leukaemia,0.17717428711001076,0.4533551865449138,-0.3473557922058425
cg_000058,Acute myeloid leukaemia,0.6672772419379711,0.9102067397870137,-0.056719409823751565
cg_000059,T-lymphoblastic leukaemia,0.06150616633478591,0.4813469400500765,-0.27928392547230424
cg_000060,T-lymphoblastic leukaemia,0.04760285830782746,0.42842572477044716,0.310723107529269
cg_000061,T-lymphoblastic leukaemia,0.03247339252749766,0.2855916573646688,-0.3338280404876966
cg_000062,Mixed phenotype acute leukaemia,0.12440563225413565,0.5598253451436104,-0.3936412955006822
cg_000063,Acute myeloid leukaemia,0.7719517645410252,0.8162889535578576,0.03807727209209503
cg_000064,Acute myeloid leukaemia,0.3572519774493248,0.5876432768349207,-0.1300382152035012
cg_000065,Acute myeloid leukaemia,0.4409954437427249,0.7538407966499535,0.10585299041197233
cg_000066,Acute promyelocytic leukaemia,0.042108709960638174,0.3789783896457436,0.7149243078556742
cg_000067,Acute undifferentiated leukaemia,0.002925412009150049,0.026328708082350438,-0.5676234863154386
cg_000068,Acute promyelocytic leukaemia,0.08338989898876457,0.7311773964321708,-0.6003572570036451
cg_000069,Acute myeloid leukaemia,0.45074441615422667,0.7895817358864256,0.10908283447294646
cg_000070,Mixed phenotype acute leukaemia,0.03843990991557037,0.34595918924013336,0.7162575394202748
cg_000071,Acute undifferentiated leukaemia,0.05058537872044018,0.4552684084839616,-0.6740179322333127
cg_000072,B-lymphoblastic leukaemia,0.422816930980498,0.7610704757648964,-0.08175971746496374
cg_000073,Healthy,0.0030049249207857952,0.027044324287072156,-0.36783477997859026
cg_000074,B-lymphoblastic leukaemia,0.2788122383429253,0.8090488302798142,0.11040305321626513
cg_000075,Acute myeloid leukaemia,0.03419955383418698,0.3077959845076828,-0.28461090097182873
cg_000076,Acute myeloid leukaemia,0.31838303778340116,0.8566591527498763,-0.1392382629817676
cg_000077,Acute myeloid leukaemia,0.3076059274462969,0.4275287757963301,-0.1415753277667299
cg_000078,Therapy-related acute myeloid leukaemia,0.010208959125579897,0.09188063213021908,0.8911613565244243
cg_000079,Acute myeloid leukaemia,0.2586843797111502,0.5038792723704557,0.1649416421873587
cg_000080,Acute myeloid leukaemia,0.6960496385098152,0.9984563178801947,0.05264509127903696
cg_000081,B-lymphoblastic leukaemia,0.383238724902506,0.8622871310306385,-0.08864252695943589
cg_000082,Acute myeloid leukaemia,0.08170211585566534,0.735319042700988,0.2555991781307702
cg_000083,Healthy,0.026228468527943395,0.23605621675149055,-0.3011291198630864
cg_000084,Acute myeloid leukaemia,0.0506117952724376,0.2277530787259692,-0.271840161584839
cg_000085,Acute myeloid leukaemia,0.15455204161396238,0.8523435463455473,-0.19733620452132594
cg_000086,Acute myeloid leukaemia,0.7533903324109542,0.7953361343015721,0.043501017115203884
cg_000087,Acute myeloid leukaemia,0.0964183535222088,0.6970394071896306,-0.24121382121541216
cg_000088,Acute myeloid leukaemia,0.9654145906081957,0.9998159010993997,0.006349350171457695
cg_000089,Acute myeloid leukaemia,0.25959522844085126,0.800513553272934,-0.14911619621693306
cg_000090,Therapy-related acute myeloid leukaemia,0.0009130538411426595,0.008217484570283935,-0.9500636247507971
cg_000091,B-lymphoblastic leukaemia,0.3596264138560581,0.6473275449409046,0.09318389145273441
cg_000092,B-lymphoblastic leukaemia,0.3606770598143557,0.9877262706289764,0.09262693132484154
cg_000093,Acute myeloid leukaemia,0.7353858826233635,0.856920870723516,0.04923539841809616
cg_000094,Acute myeloid leukaemia,0.0966303277928235,0.5995422017316947,0.23818306337389356
cg_000095,Acute promyelocytic leukaemia,0.0025464707047288186,0.022918236342559368,1.3136105584939104
cg_000096,Acute myeloid leukaemia,0.03404641788734306,0.1532088804930438,0.2946178972389485
cg_000097,Acute myeloid leukaemia,0.843509109578463,0.9333457481171781,-0.026673964540601558
cg_000098,Acute myeloid leukaemia,0.2490875799238236,0.6119993351330089,0.16750582800727312
cg_000099,Acute undifferentiated leukaemia,0.010082673287508573,0.09074405958757716,-0.9017527939414057
cg_000100,Healthy,0.034421977230203696,0.30979779507183325,-0.3021695935498026
cg_000101,Acute undifferentiated leukaemia,0.013674654905478612,0.12307189414930751,-1.4168947941120207
cg_000102,Acute myeloid leukaemia,0.3433727763130713,0.9785719633396541,0.13644504175253178
cg_000103,Acute myeloid leukaemia,0.5290268885649492,0.7470448066736476,-0.09239621591299628
cg_000104,Acute myeloid leukaemia,0.1647200509107575,0.3706201145492044,0.18641700551996412
cg_000105,B-lymphoblastic leukaemia,0.1353132607876068,0.4125739538921421,0.15174995432079316
cg_000106,Acute promyelocytic leukaemia,0.04671254458289515,0.42041290124605635,-0.7747642752722258
cg_000107,T-lymphoblastic leukaemia,0.04863895724731232,0.21887530761290544,-0.3061837663485903
cg_000108,Acute promyelocytic leukaemia,0.10300597851340898,0.6238277296982611,0.7417281028724955
cg_000109,Acute myeloid leukaemia,0.2028076489474622,0.6084229468423866,0.18124339032072037
cg_000110,Acute myeloid leukaemia,0.6157190982739407,0.9124064684119203,-0.0717870840431223
cg_000111,Acute myeloid leukaemia,0.6109323559380698,0.7894085608190108,-0.06953846356531983
cg_000112,Therapy-related acute myeloid leukaemia,0.03813642440830942,0.34322781967478483,0.624820101241932
cg_000113,Acute myeloid leukaemia,0.6461359751984608,0.7269029720982684,0.06731728034376468
cg_000114,Acute myeloid leukaemia,0.015572434556800935,0.1401519110112084,0.3431084992424229
cg_000115,Healthy,0.029916273670335086,0.2692464630330158,0.3075045734786077
cg_000116,Acute myeloid leukaemia,0.7193132073984272,0.8940188735470393,0.051699136672868205
cg_000117,Acute myeloid leukaemia,0.5761859827884714,0.7655099314939526,0.08226344119201069
cg_000118,Acute myeloid leukaemia,0.09356735967211802,0.7404027202500064,-0.257061106250596
cg_000119,Acute promyelocytic leukaemia,0.029907451261450457,0.2691670613530541,1.0152086230011392
cg_000120,Acute undifferentiated leukaemia,0.05223875349108568,0.4701487814197711,-1.4072754423364193
cg_000121,Juvenile myelomonocytic leukaemia,0.002868323571098302,0.02581491213988472,1.063875865104976
cg_000122,Acute promyelocytic leukaemia,0.14959965004557144,0.4667243437243344,-0.531723009422563
cg_000123,Healthy,0.044923734298233785,0.40431360868410404,-0.2964953447775085
cg_000124,Acute undifferentiated leukaemia,0.04162282989732736,0.3746054690759462,-1.2409533675976856
cg_000125,Acute myeloid leukaemia,0.14769965956927095,0.3388175977645181,0.20812051516520835
cg_000126,B-lymphoblastic leukaemia,0.13598452721459556,0.42742776426963064,-0.15121055873141054
cg_000127,Acute myeloid leukaemia,0.1530193397461087,0.5326844913269885,0.1869447051979909
cg_000128,Acute myeloid leukaemia,0.09218864972567167,0.4148489237655225,-0.23521563329863354
cg_000129,Acute myeloid leukaemia,0.8281984041569607,0.8926540903093991,0.029905592194401604
cg_000130,Mixed phenotype acute leukaemia,0.035480524998901676,0.3193247249901151,0.7537615669627961
cg_000131,Acute myeloid leukaemia,0.5057911470662647,0.6503029033709117,-0.0940094924680624
cg_000132,Acute undifferentiated leukaemia,0.022153661082225686,0.19938294974003118,-1.4580201060254676
cg_000133,Acute myeloid leukaemia,0.5003694920228889,0.7505542380343334,-0.09308827660063447
cg_000134,Healthy,0.0300140275141949,0.2701262476277541,0.3042727052913603
cg_000135,Acute myeloid leukaemia,0.12211741285370704,0.4694222749148582,-0.22227444329320595
cg_000136,Acute myeloid leukaemia,0.09711264186280782,0.5963303646369313,0.23423760104587873
cg_000137,B-lymphoblastic leukaemia,0.10997529514098539,0.24469636324190214,0.16205570229580155
cg_000138,Acute promyelocytic leukaemia,0.001070437253390986,0.009633935280518873,0.6387231446618968
cg_000139,Acute myeloid leukaemia,0.9165590857339889,0.982335240184706,-0.01494383825024717
cg_000140,Healthy,0.0028804050990245355,0.025923645891220818,0.4480260742071504
cg_000141,Acute myeloid leukaemia,0.29897691682611555,0.8409825643231473,0.1503563717074336
cg_000142,Acute promyelocytic leukaemia,0.17950758010516496,0.8077841104732423,0.3742076315811706
cg_000143,Mixed phenotype acute leukaemia,0.07474244078006011,0.672681967020541,-0.6578036631302542
cg_000144,Acute myeloid leukaemia,0.013922393864510926,0.12530154478059835,0.34677380122089674
cg_000145,Acute myeloid leukaemia,0.8363979675212604,0.9007709431246647,-0.029127673796608935
cg_000146,Acute myeloid leukaemia,0.21538964079879214,0.9877517304617699,-0.17061553087913087
cg_000147,Acute myeloid leukaemia,0.0007304518114774277,0.006574066303296849,0.48975432860957957
cg_000148,B-lymphoblastic leukaemia,0.20429885048169963,0.5486400625902503,0.12950137989266777
cg_000149,Mixed phenotype acute leukaemia,0.1056492913917639,0.6783660444912106,0.6020337666027593
cg_000150,Acute myeloid leukaemia,0.11337914451780587,0.3401374335534176,0.23285850950938758
cg_000151,Acute promyelocytic leukaemia,0.07642944864300229,0.6878650377870206,-0.6204182923897094
cg_000152,T-lymphoblastic leukaemia,0.018840183320190333,0.169561649881713,0.3750407536448639
cg_000153,Acute myeloid leukaemia,0.9927003378627872,0.9927003378627872,0.0012964360428637492
cg_000154,Therapy-related acute myeloid leukaemia,0.04063350716197385,0.36570156445776464,-0.813915195328881
cg_000155,B-lymphoblastic leukaemia,0.3461567341181716,0.8668368725485217,-0.09576210836608413
cg_000156,Acute myeloid leukaemia,0.24188688554243717,0.5166133395701759,-0.1614296818656586
cg_000157,B-lymphoblastic leukaemia,0.20137975524173168,0.604139265725195,0.12990410010399123
cg_000158,Acute promyelocytic leukaemia,0.052440397909376504,0.24325523199143506,0.7354971884491837
cg_000159,Acute promyelocytic leukaemia,0.05496954245758362,0.42731128951780917,-0.724753883233922
cg_000160,Acute myeloid leukaemia,0.21509418806953226,0.770102703703071,-0.1627759629464689
cg_000161,Acute myeloid leukaemia,0.5716380057387825,0.9916278869175947,-0.0819339647294476
cg_000162,Acute myeloid leukaemia,0.35314545205120196,0.7945772671152044,-0.12184890568133415
cg_000163,Acute myeloid leukaemia,0.08250038237779735,0.7425034414001761,0.23604502182645742
cg_000164,Acute promyelocytic leukaemia,0.06298077873010458,0.5668270085709411,-0.6168309186944734
cg_000165,Acute myeloid leukaemia,0.26255919274290956,0.6400229199979128,-0.14185692772062483
cg_000166,Acute myeloid leukaemia,0.43524687523327343,0.9703327141143075,0.11323927677383389
cg_000167,T-lymphoblastic leukaemia,0.03228628437074296,0.2905765593366867,0.3458513670739146
cg_000168,Acute myeloid leukaemia,0.24936421862631228,0.7480926558789368,-0.15562426629622558
cg_000169,B-lymphoblastic leukaemia,0.07332837032164345,0.563653282122024,-0.1823402413217693
cg_000170,Acute myeloid leukaemia,0.44639764714096164,0.7914860055299487,0.10362148942784782
cg_000171,Acute myeloid leukaemia,0.2551689888027511,0.947618276538695,-0.14934770433338634
cg_000172,Acute myeloid leukaemia,0.46215582936299093,0.7745563898843534,-0.10891692403591435
cg_000173,B-lymphoblastic leukaemia,0.1386871480982542,0.41606144429476255,0.15074716742250194
cg_000174,Juvenile myelomonocytic leukaemia,0.04817609620170333,0.43358486581532996,0.6575165210752424
cg_000175,T-lymphoblastic leukaemia,0.013254589462474603,0.11929130516227142,0.3944172276806425
cg_000176,Juvenile myelomonocytic leukaemia,0.004638521927930909,0.041746697351378176,1.3110853224397332
cg_000177,Acute myeloid leukaemia,0.6624082093958792,0.9723804530989073,-0.0615377121123081
cg_000178,Acute promyelocytic leukaemia,0.05442282759635955,0.31274186360655837,0.7055837483331355
cg_000179,B-lymphoblastic leukaemia,0.09168403273937169,0.656425973368184,-0.1715744603987744
cg_000180,Acute myeloid leukaemia,0.2535079242592805,0.9727589254455606,0.15831731188215137
cg_000181,Acute myeloid leukaemia,0.09175622539760946,0.5451210286135201,-0.2282455696236665
cg_000182,Mixed phenotype acute leukaemia,0.03248887921738825,0.29239991295649426,-0.48451960495036356
cg_000183,Acute promyelocytic leukaemia,0.015571987414100243,0.14014788672690218,-0.8628426709103564
cg_000184,Acute promyelocytic leukaemia,0.01937118627254785,0.17434067645293067,-0.9521812449554081
cg_000185,Mixed phenotype acute leukaemia,0.07387155224032034,0.2743652746649193,0.4935240534909573
cg_000186,Acute myeloid leukaemia,0.09495090836303172,0.44405988756571907,-0.24316956610300658
cg_000187,Mixed phenotype acute leukaemia,0.39284170178362066,0.8208399394851368,0.19311654313021626
cg_000188,Acute myeloid leukaemia,0.02610312831880009,0.23492815486920082,0.3256253039652113
cg_000189,Acute undifferentiated leukaemia,0.01169214805664053,0.10522933250976477,1.355053183535955
cg_000190,Acute myeloid leukaemia,0.10257173258314557,0.7700791969596675,0.21675542511404544
cg_000191,Acute myeloid leukaemia,0.28071944629337536,0.7170060293888009,-0.1491555130480307
cg_000192,Acute promyelocytic leukaemia,0.12708400827709201,0.5718780372469141,0.6116004995364491
cg_000193,Acute promyelocytic leukaemia,0.12454386427695589,0.41338769466356595,-0.48873295356347957
cg_000194,Acute undifferentiated leukaemia,0.01051693327867521,0.0946523995080769,-1.4839802116878091
cg_000195,B-lymphoblastic leukaemia,0.12918975883355166,0.5813539147509825,0.15399962886007326
cg_000196,Acute myeloid leukaemia,0.12932497674645044,0.728595222642473,0.21949744627271
cg_000197,Acute myeloid leukaemia,0.009843241714220317,0.08858917542798286,0.354265869365725
cg_000198,Juvenile myelomonocytic leukaemia,0.039972297229389005,0.35975067506450104,0.7979894397594455
cg_000199,B-lymphoblastic leukaemia,0.17253539377099839,0.7406602847004883,0.13824825896673348
cg_000200,Acute myeloid leukaemia,0.6615686534477998,0.7442647351287748,-0.06101599728364661
cg_000201,Acute myeloid leukaemia,0.04138590698156014,0.28554831202114084,-0.29331074374320387
cg_000202,Juvenile myelomonocytic leukaemia,0.016316728462059733,0.1468505561585376,-0.7997274318584032
cg_000203,Juvenile myelomonocytic leukaemia,0.05323381517748482,0.4791043365973634,0.6019065906200801
cg_000204,B-lymphoblastic leukaemia,0.08876807382762732,0.3994563322243229,0.17288607260838434
cg_000205,Therapy-related acute myeloid leukaemia,0.0025817589276856015,0.023235830349170414,1.1898003262114334
cg_000206,Acute myeloid leukaemia,0.959857059766873,0.9598570597668731,0.007002389385343177
cg_000207,B-lymphoblastic leukaemia,0.24724031459624582,0.6753264820762115,-0.1177557657983476
cg_000208,Acute myeloid leukaemia,0.6016076122504055,0.777732958794426,-0.07182480605277729
cg_000209,Acute promyelocytic leukaemia,0.07023027708120265,0.6320724937308239,0.5919120663958152
cg_000210,Acute promyelocytic leukaemia,0.13523097401567835,0.532496545326257,0.5949585927248835
cg_000211,Juvenile myelomonocytic leukaemia,0.016199481601578004,0.14579533441420203,-0.8293209157848894
cg_000212,Acute myeloid leukaemia,0.579668655022693,0.938700854194637,-0.07988179893849962
cg_000213,Acute undifferentiated leukaemia,0.027553650990913427,0.24798285891822083,-1.1016981309705625
cg_000214,Acute myeloid leukaemia,0.7078600634376698,0.8806565647364536,0.05258613074075248
cg_000215,Acute myeloid leukaemia,0.5119038041064601,0.9926255113805659,-0.08460939611068728
cg_000216,B-lymphoblastic leukaemia,0.32206732838605656,0.7090499890621764,0.10053234935339941
cg_000217,Acute myeloid leukaemia,0.38229350861032796,0.7193652045265225,0.12355042491989228
cg_000218,Acute myeloid leukaemia,0.5170829676833795,0.8447971752465905,-0.09108331863836301
cg_000219,Healthy,0.0005802633726926941,0.005222370354234247,-0.4688195198555927
cg_000220,Acute myeloid leukaemia,0.23657074343672987,0.698140955464758,-0.1711303865021162
cg_000221,Therapy-related acute myeloid leukaemia,0.014805746589852054,0.1332517193086685,-0.8429682471926269
cg_000222,Acute myeloid leukaemia,0.042233149322445526,0.38009834390200975,-0.292124818265071
cg_000223,B-lymphoblastic leukaemia,0.03550021281271869,0.3195019153144682,0.21297621672696973
cg_000224,B-lymphoblastic leukaemia,0.01375320469477183,0.12377884225294647,0.2503725929543316
cg_000225,Acute myeloid leukaemia,0.1218503930196606,0.5483267685884726,0.2164437304424654
cg_000226,Acute myeloid leukaemia,0.2163820251793882,0.48685955665362346,0.1660444043689899
cg_000227,Acute undifferentiated leukaemia,0.07312515438156066,0.6581263894340459,-0.8019094316673313
cg_000228,Acute myeloid leukaemia,0.11416987225125731,0.6234091646782017,0.22933208077664052
cg_000229,Therapy-related acute myeloid leukaemia,0.02714689059040992,0.24432201531368927,-0.6417519530753238
cg_000230,Acute myeloid leukaemia,0.3500656814887344,0.7504553229563568,0.13127906367844405
cg_000231,Acute myeloid leukaemia,0.015373208899649164,0.13835888009684247,0.3429118826719553
cg_000232,Juvenile myelomonocytic leukaemia,0.034999557541041997,0.314996017869378,0.9693431868296941
cg_000233,Acute myeloid leukaemia,0.07259266740491452,0.27519711921063433,0.25756096139410023
cg_000234,Acute myeloid leukaemia,0.21788023252799993,0.9416940212531356,0.17502180781585594
cg_000235,Therapy-related acute myeloid leukaemia,0.022722520431213873,0.20450268388092485,-0.7865243876995086
cg_000236,Acute myeloid leukaemia,0.09256652441659032,0.5400560307394945,-0.23243933665596644
cg_000237,Juvenile myelomonocytic leukaemia,0.07444966262656295,0.6700469636390666,-0.8628073889415173
cg_000238,Acute myeloid leukaemia,0.155430777275014,0.7196378091853337,-0.20110674639915307
cg_000239,Acute myeloid leukaemia,0.18700027625100618,0.47754876894844367,-0.18532165416608323
cg_000240,Acute myeloid leukaemia,0.8485410359924483,0.9122425987545798,-0.026116394241148363
cg_000241,B-lymphoblastic leukaemia,0.013161653195748968,0.059227439380870356,-0.25265217006254287
cg_000242,B-lymphoblastic leukaemia,0.03443854531533651,0.3099469078380286,0.21593240056939614
cg_000243,Acute myeloid leukaemia,0.8469042486058967,0.9932613580634365,-0.026121649816875016
cg_000244,Acute promyelocytic leukaemia,0.17983509589753774,0.8092579315389198,-0.5660680259199025
cg_000245,Acute promyelocytic leukaemia,0.24419373232683053,0.6904911222750554,0.4097808932907859
cg_000246,Acute myeloid leukaemia,0.07508674863527016,0.25046075138585727,0.26979896158089695
cg_000247,T-lymphoblastic leukaemia,0.02740599736726821,0.24665397630541389,-0.32865293292050674
cg_000248,Acute myeloid leukaemia,0.2584463321099389,0.6969144618249791,-0.15976183043442155
cg_000249,Acute myeloid leukaemia,0.033157145321031166,0.2984143078892805,0.2997882126277307
cg_000250,Acute myeloid leukaemia,0.09782697812384099,0.23886275534615123,-0.23007095881180326
cg_000251,Mixed phenotype acute leukaemia,0.0398194291853471,0.3583748626681239,0.6864675604839188
cg_000252,Acute myeloid leukaemia,0.7660394148953594,0.9964153847946913,-0.04497306437514392
cg_000253,T-lymphoblastic leukaemia,0.07545670079513851,0.6791103071562467,-0.2774816473938637
cg_000254,Acute myeloid leukaemia,0.1400483670386485,0.9070148430862393,0.2050154803668715
cg_000255,Acute myeloid leukaemia,0.6146121608642258,0.9555180748802985,0.06993817747616307
cg_000256,Acute myeloid leukaemia,0.25897574592745287,0.5826954283367689,-0.1648224202927803
cg_000257,Acute promyelocytic leukaemia,0.18520798631280802,0.6439426436900512,-0.4750515317600371
cg_000258,Acute myeloid leukaemia,0.6313801477463332,0.88821192525698,0.07007489926206684
cg_000259,Acute myeloid leukaemia,0.02082246616879318,0.18740219551913861,-0.33124531113061284
cg_000260,Acute promyelocytic leukaemia,0.07335802609231265,0.4199417993891958,0.7208003305672976
cg_000261,Acute myeloid leukaemia,0.9580747210867175,0.9580747210867175,-0.007317133997572897
cg_000262,T-lymphoblastic leukaemia,0.04471582870066118,0.4024424583059506,-0.2695947784730245
cg_000263,Acute myeloid leukaemia,0.09909464185423775,0.7387395742951854,-0.2132517275455715
cg_000264,Acute myeloid leukaemia,0.11317078097153793,0.5114038042300828,0.21110756403309544
cg_000265,Acute promyelocytic leukaemia,0.046536551493868296,0.4188289634448147,0.7580345382218946
cg_000266,Healthy,0.15791206626261264,0.880071645685893,0.20284860488228845
cg_000267,B-lymphoblastic leukaemia,0.006904797945937025,0.03375418089604201,-0.27556878025197884
cg_000268,Acute promyelocytic leukaemia,0.03872474076060578,0.348522666845452,0.72440050286672
cg_000269,Juvenile myelomonocytic leukaemia,0.020437594402522626,0.18393834962270364,0.9669394344988679
cg_000270,Acute undifferentiated leukaemia,0.0005773733030750431,0.005196359727675388,1.486956127210744
cg_000271,Mixed phenotype acute leukaemia,0.0414597298546084,0.1865687843457378,0.6341639299742706
cg_000272,Therapy-related acute myeloid leukaemia,0.07455019268385572,0.6709517341547016,-0.6954964598062463
cg_000273,Acute myeloid leukaemia,0.4256237259168312,0.8396754261616506,-0.11613078043087205
cg_000274,Therapy-related acute myeloid leukaemia,0.03062356977368975,0.2756121279632078,-0.8901866220551694
cg_000275,Acute promyelocytic leukaemia,0.3717593160109349,0.669715892684527,0.3485713662791868
cg_000276,Acute undifferentiated leukaemia,0.06321575818374572,0.5689418236537115,-0.6359585785464258
cg_000277,Acute promyelocytic leukaemia,0.06893195841423319,0.6203876257280987,0.7280476187145369
cg_000278,Acute myeloid leukaemia,0.22441902989583337,0.5933663116321448,-0.16852779911373383
cg_000279,Acute myeloid leukaemia,0.027857677765215385,0.12535954994346923,-0.3322097044978084
cg_000280,Acute myeloid leukaemia,0.6140505790441099,0.6908069014246236,0.0704774083176933
cg_000281,Healthy,0.14978093065754686,0.5361770729945268,-0.21419658493041524
cg_000282,B-lymphoblastic leukaemia,0.04554192677505994,0.1241324654330632,0.2035507726998212
cg_000283,Acute promyelocytic leukaemia,0.004113233286043211,0.0370190995743889,1.0885729186146784
cg_000284,B-lymphoblastic leukaemia,0.1613511917183951,0.4840535751551853,0.14229412089857943
cg_000285,Acute myeloid leukaemia,0.7572602159741928,0.9834974197987185,-0.04350927262329537
cg_000286,B-lymphoblastic leukaemia,0.1911698410660923,0.7362233421584153,0.1327994826738549
cg_000287,Acute promyelocytic leukaemia,0.03811075476428514,0.34299679287856627,-0.7284735731218354
cg_000288,Acute promyelocytic leukaemia,0.16616615698411652,0.7101700427873422,0.40476103551373305
cg_000289,Acute undifferentiated leukaemia,0.015798143335136725,0.14218329001623053,0.7579329215872513
cg_000290,Acute myeloid leukaemia,0.4541298390445673,0.9038888574064051,-0.09720676622456947
cg_000291,T-lymphoblastic leukaemia,0.027231269883156328,0.24508142894840695,0.351250430943054
cg_000292,Acute promyelocytic leukaemia,0.10511706345113533,0.6795358113824578,0.5272725280313736
cg_000293,B-lymphoblastic leukaemia,0.031356470968330066,0.0940694129049902,-0.2197165204587039
cg_000294,B-lymphoblastic leukaemia,0.21784630628834842,0.4493564859199933,0.12520253017302968
cg_000295,Acute myeloid leukaemia,0.10334941151842716,0.5235400153610223,-0.23300657237855257
cg_000296,Acute myeloid leukaemia,0.24795990702233414,0.528991354780735,-0.15855392003882515
cg_000297,Healthy,0.10650146016766393,0.8335730012913496,-0.23534818087376702
cg_000298,Acute myeloid leukaemia,0.517537012541138,0.9070639240034252,-0.08685483661152185
cg_000299,Acute myeloid leukaemia,0.12503368936610096,0.8623755815370076,-0.2214510124017853
cg_000300,T-lymphoblastic leukaemia,0.0009346021825442047,0.008411419642897842,-0.5376943404576694
cg_000301,Acute myeloid leukaemia,0.01983231906680552,0.09648319461087802,-0.3273700805609668
cg_000302,Therapy-related acute myeloid leukaemia,0.09373053207925588,0.8435747887133029,-0.6433295284395566
cg_000303,Acute myeloid leukaemia,0.1479853930366945,0.7456480769034085,0.193713727559975
cg_000304,Acute undifferentiated leukaemia,0.029198105983429815,0.26278295385086836,-0.347424882082325
cg_000305,Acute myeloid leukaemia,0.8742580693623448,0.8742580693623448,-0.02294487921956127
cg_000306,Acute myeloid leukaemia,0.5478278487178998,0.8927172102907415,0.08837082624374802
cg_000307,Acute myeloid leukaemia,0.31304861592910077,0.7656086822268339,-0.14217601098931265
cg_000308,Mixed phenotype acute leukaemia,0.17965364966693917,0.8084414235012263,0.42690177589749595
cg_000309,Acute promyelocytic leukaemia,0.32984156741311077,0.6359116956028305,0.40396144634833064
cg_000310,Mixed phenotype acute leukaemia,0.17959138947035289,0.808161252616588,0.4437870966179426
cg_000311,Acute myeloid leukaemia,0.001410320536871757,0.012692884831845812,0.4678405373103226
cg_000312,Acute promyelocytic leukaemia,0.049375156901731866,0.4443764121155868,0.7672561566022157
cg_000313,Acute myeloid leukaemia,0.11623553607023263,0.5230599123160469,0.22271175858781087
cg_000314,B-lymphoblastic leukaemia,0.18518364912060786,0.4166632105213677,-0.1349368691974027
cg_000315,Acute myeloid leukaemia,0.6208746244647207,0.8211646302268272,-0.06883596828952461
cg_000316,Acute myeloid leukaemia,0.6288782004113505,0.9546367802369349,-0.07183117546911147
cg_000317,Acute myeloid leukaemia,0.29082069813733635,0.5614843409343283,0.14963940128993872
cg_000318,Healthy,0.14367790059140492,0.6465505526613221,0.20330208620346424
cg_000319,Therapy-related acute myeloid leukaemia,0.003789624264950137,0.034106618384551236,-1.1890058554449814
cg_000320,T-lymphoblastic leukaemia,0.06566963486288614,0.29551335688298763,0.29253858364614777
cg_000321,Acute myeloid leukaemia,0.6214029120763188,0.9041706562046092,-0.06554901010406974
cg_000322,B-lymphoblastic leukaemia,0.002466542490404952,0.013372267731264528,0.3094056281704709
cg_000323,Acute myeloid leukaemia,0.8018028899155241,0.8933925568270276,-0.035053877395257796
cg_000324,Mixed phenotype acute leukaemia,0.019248855051113466,0.1349705800042485,-0.6803208172028314
cg_000325,Acute myeloid leukaemia,0.4844432231075817,0.8610047010482083,-0.10492990720830087
cg_000326,Mixed phenotype acute leukaemia,0.021529896693681702,0.19376907024313533,0.7183921045779122
cg_000327,Acute myeloid leukaemia,0.5715945582780538,0.855616055905377,0.08389598279899457
cg_000328,Acute myeloid leukaemia,0.016241324378521955,0.1461719194066976,0.3543962067059014
cg_000329,Mixed phenotype acute leukaemia,0.006374317036122523,0.05736885332510271,0.952445219732183
cg_000330,Acute myeloid leukaemia,0.07338220754334035,0.6279014589498362,-0.2530142479115792
cg_000331,B-lymphoblastic leukaemia,0.2742661849112304,0.7373058057454297,0.11143068680782608
cg_000332,Acute myeloid leukaemia,0.3826307338383691,0.9089734700160005,-0.11947369786797828
cg_000333,Acute myeloid leukaemia,0.4881595296677793,0.8613660357559118,0.0997733025804579
cg_000334,Acute myeloid leukaemia,0.5765511573268494,0.8717273417354853,0.08277157024333533
cg_000335,Acute myeloid leukaemia,0.37095399826065145,0.8027376449406384,0.12042054844732887
cg_000336,Healthy,0.034949506882271386,0.3145455619404425,0.3036383815942359
cg_000337,Acute myeloid leukaemia,0.4659275428427072,0.905840273151141,-0.10938134367322992
cg_000338,Acute myeloid leukaemia,0.26486079491687914,0.5633900579563654,0.16299899717336422
cg_000339,B-lymphoblastic leukaemia,0.1840948540084415,0.6750802595440387,0.13469285850666488
cg_000340,Acute undifferentiated leukaemia,7.162962255674283e-05,0.0006446666030106854,-1.6378118989205697
cg_000341,Acute myeloid leukaemia,0.8299295773427829,0.9615691844365841,0.030601221623226135
cg_000342,Mixed phenotype acute leukaemia,0.06311653099344088,0.17965882996118931,0.6012053946635743
cg_000343,Mixed phenotype acute leukaemia,0.0015456209694769453,0.013910588725292508,0.8958887600504176
cg_000344,Therapy-related acute myeloid leukaemia,0.0723152099165083,0.6508368892485747,-0.37665511884175895
cg_000345,Acute myeloid leukaemia,0.025981105449886598,0.23382994904897939,0.3356852068650229
cg_000346,Acute myeloid leukaemia,0.7157265973475686,0.8237576889750675,-0.04954794417686501
cg_000347,T-lymphoblastic leukaemia,0.1681581656083615,0.42632174803565054,-0.21256446179311572
cg_000348,Acute promyelocytic leukaemia,0.37877089995173907,0.8522345248914129,-0.3845433784945304
cg_000349,B-lymphoblastic leukaemia,0.01629540523525676,0.07332932355865543,0.24446446921750514
cg_000350,Mixed phenotype acute leukaemia,0.024402731706503585,0.21962458535853227,0.6520300490421108
cg_000351,Mixed phenotype acute leukaemia,0.007791490933683969,0.07012341840315572,-0.9281711796974051
cg_000352,Acute myeloid leukaemia,0.24062591476841397,0.5414083082289314,0.16454524133798656
cg_000353,T-lymphoblastic leukaemia,0.08193276029488179,0.43689647384337726,0.2847117211039645
cg_000354,Acute promyelocytic leukaemia,0.07162950506795364,0.32402073709461454,0.5320994816648535
cg_000355,Acute undifferentiated leukaemia,0.03093811578049433,0.278443042024449,0.6244319870163824
cg_000356,Acute myeloid leukaemia,0.16136351548253058,0.9115734006655791,0.19580809486940015
cg_000357,Acute promyelocytic leukaemia,0.05203378177264834,0.4683040359538351,-0.6864126747709419
cg_000358,Healthy,0.0036910984452308017,0.03321988600707722,-0.40453251779658445
cg_000359,Mixed phenotype acute leukaemia,0.03594095738316252,0.10916960647569261,-0.709835430208872
cg_000360,Mixed phenotype acute leukaemia,0.09691537602526008,0.7018050762138099,-0.5498798544542042
cg_000361,Acute promyelocytic leukaemia,0.11250211387253184,0.5062595124263933,-0.535691339604506
cg_000362,Acute myeloid leukaemia,0.3786666004585869,0.9917637862774218,-0.12509189925696926
cg_000363,Acute promyelocytic leukaemia,0.0025708081311084253,0.023137273179975826,-1.01573583133543
cg_000364,Acute myeloid leukaemia,0.5521264778125766,0.7140598258795461,0.08261926924523476
cg_000365,Acute myeloid leukaemia,0.479768968849298,0.7090812321294151,-0.10386219833476476
cg_000366,Acute myeloid leukaemia,0.4393616725621844,0.9856502553136401,0.1144709940575087
cg_000367,Acute myeloid leukaemia,0.2111294055163694,0.38806667562788844,-0.17011540874349335
cg_000368,Acute myeloid leukaemia,0.9321216800459808,0.9321216800459808,-0.011682166434160016
cg_000369,Therapy-related acute myeloid leukaemia,0.16679719226351922,0.7477239582529176,-0.4374209389216104
cg_000370,Acute promyelocytic leukaemia,0.020663908216119506,0.18597517394507557,0.7655785642795251
cg_000371,Acute promyelocytic leukaemia,0.13090804374519838,0.39272413123559513,-0.5949562058880205
cg_000372,Acute myeloid leukaemia,0.226212978763791,0.8688756838336968,0.16469224831932516
cg_000373,Acute myeloid leukaemia,0.48389576788756095,0.8451001040655832,0.09817791858690464
cg_000374,B-lymphoblastic leukaemia,0.21200680239802294,0.9540306107911032,0.12640927738584185
cg_000375,Acute promyelocytic leukaemia,0.007916480778870454,0.07124832700983409,-0.8739329751416034
cg_000376,Acute myeloid leukaemia,0.6932685643941302,0.9502537234762445,0.05331723036663646
cg_000377,Acute myeloid leukaemia,0.16866335661975682,0.9135646349048926,-0.1891848487067958
cg_000378,T-lymphoblastic leukaemia,0.08889194986479487,0.7064670094421154,-0.274333462472754
cg_000379,Therapy-related acute myeloid leukaemia,0.01770414362684966,0.15933729264164695,0.9026742857728081
cg_000380,Acute myeloid leukaemia,0.9223173131507457,0.9663990516092227,0.013409325964680075
cg_000381,Healthy,0.03364108492473211,0.2775982605282298,0.321538492607234
cg_000382,Acute myeloid leukaemia,0.22912541553370683,0.8663454108053911,-0.17160408963621748
cg_000383,T-lymphoblastic leukaemia,0.032874282509807395,0.29586854258826656,0.3578487180902492
cg_000384,Acute myeloid leukaemia,0.6188857397906911,0.9351613864441558,0.07307342520945209
cg_000385,B-lymphoblastic leukaemia,0.19143771500653461,0.8614697175294057,-0.13295592885773566
cg_000386,Acute myeloid leukaemia,0.3543327673462635,0.8252092456269071,-0.13021241225399502
cg_000387,Acute myeloid leukaemia,0.07250581817979519,0.6525523636181567,-0.2695843246936933
cg_000388,Acute myeloid leukaemia,0.18122025336701048,0.32619645606061887,-0.2013397635974078
cg_000389,Acute myeloid leukaemia,0.004598923347869496,0.04139031013082546,-0.4239553396049497
cg_000390,Healthy,0.07099577294170377,0.6389619564753339,0.255853173047882
cg_000391,Acute myeloid leukaemia,0.5057948137658264,0.8420588165827576,-0.09554176168664544
cg_000392,Acute myeloid leukaemia,0.0017010538350498289,0.01530948451544846,-0.4672822498016553
cg_000393,Acute myeloid leukaemia,0.25434340673545275,0.607932438469682,-0.16612101963370887
cg_000394,B-lymphoblastic leukaemia,0.28969274319837823,0.6517696063564371,0.10710805855770011
cg_000395,Healthy,0.060211084622741655,0.27094988080233745,-0.26288666471861627
cg_000396,Acute myeloid leukaemia,0.4030654166764803,0.9065424363491763,-0.1210136941753718
cg_000397,Acute myeloid leukaemia,0.6458320292480448,0.8711373098284988,0.06598448584829798
cg_000398,T-lymphoblastic leukaemia,0.09586678352892569,0.7166767854169445,0.25878808211547005
cg_000399,Acute myeloid leukaemia,0.0409918746373383,0.35916139155614535,-0.2886388317451196
cg_000400,B-lymphoblastic leukaemia,0.24665711927756265,0.554978518374516,0.11764938954886484
cg_000401,Acute undifferentiated leukaemia,0.008511348552201781,0.07660213696981603,-0.26459474412189016
cg_000402,Acute promyelocytic leukaemia,0.06136988240900381,0.27616447084051715,-0.7115999077315067
cg_000403,Acute myeloid leukaemia,0.32657613273448316,0.8754534114577343,0.14345631354512636
cg_000404,Acute undifferentiated leukaemia,0.009434660708971865,0.08491194638074678,1.8570354365831068
cg_000405,Acute promyelocytic leukaemia,0.0313720512879502,0.2823484615915518,-1.0331545066533396
cg_000406,Juvenile myelomonocytic leukaemia,0.02588150725127734,0.23293356526149606,0.7968111993807605
cg_000407,Acute myeloid leukaemia,0.6416605508317188,0.8393373040889978,-0.06469162835896168
cg_000408,Therapy-related acute myeloid leukaemia,0.059996479737283226,0.539968317635549,0.5999678399657844
cg_000409,Acute myeloid leukaemia,0.27443080605336406,0.7278437921694356,-0.14593495771169193
cg_000410,Acute promyelocytic leukaemia,0.004227990475848043,0.03805191428263239,-0.9786766669845944
cg_000411,Acute myeloid leukaemia,0.02083829878821241,0.1875446890939117,-0.34128101582329035
cg_000412,Therapy-related acute myeloid leukaemia,0.020096436679390067,0.1808679301145106,0.536187080955809
cg_000413,Acute myeloid leukaemia,0.009806533758338263,0.08825880382504436,0.3691123543091647
cg_000414,Acute myeloid leukaemia,0.07723579486172305,0.30065949480165804,0.24673493364851465
cg_000415,Acute myeloid leukaemia,0.30789188085151076,0.8406292896328066,-0.1455229023969578
cg_000416,Acute myeloid leukaemia,0.20390372838812176,0.45878338887327397,0.18725466875187433
cg_000417,Acute myeloid leukaemia,0.2297918469458295,0.6893755408374885,0.16746261820199324
cg_000418,Acute myeloid leukaemia,0.1252318447596509,0.6832419614602422,0.23229538408716618
cg_000419,Acute myeloid leukaemia,0.30465175235888065,0.3916951101757037,0.14817419025955128
cg_000420,Acute undifferentiated leukaemia,0.0025006134072707844,0.02250552066543706,-0.7348705765496121
cg_000421,B-lymphoblastic leukaemia,0.25711243566823094,0.4628023842028157,0.11513263999003967
cg_000422,B-lymphoblastic leukaemia,0.26807648275689394,0.6031720862030113,-0.11251620268507571
cg_000423,Mixed phenotype acute leukaemia,0.12062284574928328,0.5428028058717748,0.5079855294851154
cg_000424,Acute myeloid leukaemia,0.06741124843115094,0.4832444741178855,0.2642740310856021
cg_000425,B-lymphoblastic leukaemia,0.11710864962573327,0.5269889233157997,-0.15951612190970854
cg_000426,Therapy-related acute myeloid leukaemia,0.0420340964364065,0.3783068679276585,0.6694254265963034
cg_000427,Acute myeloid leukaemia,0.8410692158266576,0.8410692158266576,0.0300216838213072
cg_000428,Therapy-related acute myeloid leukaemia,0.017951478494949463,0.16156330645454517,0.98956685362594
cg_000429,Acute myeloid leukaemia,0.15116694999912944,0.4535008499973883,-0.20493773741206414
cg_000430,T-lymphoblastic leukaemia,0.04665124197131165,0.41986117774180487,0.31444742072558657
cg_000431,Juvenile myelomonocytic leukaemia,0.17093336878127197,0.7692001595157238,-0.32956183935037137
cg_000432,Acute promyelocytic leukaemia,0.10723878184379732,0.4825745182970879,0.44743523157904863
cg_000433,Acute myeloid leukaemia,0.012331766119069752,0.053911608087236995,0.34570306090426484
cg_000434,Mixed phenotype acute leukaemia,0.0704108826077519,0.27586164985474443,0.5607710681584079
cg_000435,Acute myeloid leukaemia,0.2858323891108678,0.8274480663389091,0.15603921419140698
cg_000436,Acute myeloid leukaemia,0.21714196223950655,0.58507622018532,0.17215551206377347
cg_000437,T-lymphoblastic leukaemia,0.01836699534494595,0.16530295810451356,0.36122904602054123
cg_000438,Mixed phenotype acute leukaemia,0.07402301249872378,0.666207112488514,0.582091413909635
cg_000439,Therapy-related acute myeloid leukaemia,0.05919491377286523,0.5327542239557871,0.30067922032964006
cg_000440,T-lymphoblastic leukaemia,0.009628360930572214,0.08665524837514993,-0.42011691266630236
cg_000441,Acute myeloid leukaemia,0.45751841147063954,0.8482623663938911,0.098891494894376
cg_000442,Juvenile myelomonocytic leukaemia,0.057018689729122315,0.5131682075621008,-0.4270146634763278
cg_000443,Acute myeloid leukaemia,0.8510334229699714,0.9222268847252558,-0.02546527707023851
cg_000444,Acute myeloid leukaemia,0.2700046010254982,0.8126326824965014,0.15844002778506017
cg_000445,Mixed phenotype acute leukaemia,0.0850610921615217,0.38277491472684766,-0.5189847005494017
cg_000446,Acute myeloid leukaemia,0.6934503260819513,0.9140418727650405,0.056907436010317995
cg_000447,Acute myeloid leukaemia,0.8465897756081123,0.8465897756081123,-0.02763587603319294
cg_000448,Acute myeloid leukaemia,0.09877739715222092,0.7899591276420178,-0.23660471579211628
cg_000449,T-lymphoblastic leukaemia,0.015333968195782508,0.13800571376204257,0.387679573748146
cg_000450,T-lymphoblastic leukaemia,0.024092762148897596,0.21683485934007837,-0.3763306595403332
cg_000451,Acute myeloid leukaemia,0.19452546988241745,0.8825754848342529,-0.18797183006282367
cg_000452,T-lymphoblastic leukaemia,0.04753786428647872,0.4278407785783085,-0.3108256271616057
cg_000453,Acute myeloid leukaemia,0.8650048987360035,0.9349414553999738,-0.024391006419734195
cg_000454,B-lymphoblastic leukaemia,0.21664556108269067,0.5732883944524957,0.12485677057260985
cg_000455,Mixed phenotype acute leukaemia,0.17595718294376422,0.6148176959980296,-0.35745308111887386
cg_000456,B-lymphoblastic leukaemia,0.1435023979451076,0.6055112908421668,-0.14789014767657455
cg_000457,Acute myeloid leukaemia,0.24658395980902745,0.5591546893711311,0.1643748071944422
cg_000458,Acute promyelocytic leukaemia,0.1123705464633788,0.6351524685150728,0.5942618691255819
cg_000459,Acute promyelocytic leukaemia,0.0030950099454282475,0.02785508950885423,-1.0089133130105528
cg_000460,Mixed phenotype acute leukaemia,0.3150980871646011,0.7306697912939806,-0.24165309071808175
cg_000461,Juvenile myelomonocytic leukaemia,0.08444872515376951,0.7600385263839257,0.7191441203025688
cg_000462,Acute myeloid leukaemia,0.055228169927574455,0.24947008662034317,-0.2769831636923207
cg_000463,T-lymphoblastic leukaemia,0.005530366132938503,0.04977329519644653,-0.44431947458701665
cg_000464,Acute myeloid leukaemia,0.011526007373975891,0.10373406636578303,-0.36929001315714716
cg_000465,Therapy-related acute myeloid leukaemia,0.01986846577835148,0.1788161920051633,0.9060366623550802
cg_000466,Mixed phenotype acute leukaemia,0.01036128774662212,0.09325158971959908,0.7880473830953655
cg_000467,Acute myeloid leukaemia,0.8951996648396504,0.9766418330932106,-0.01740390432066873
cg_000468,Acute promyelocytic leukaemia,0.0009795491817407489,0.00881594263566674,-1.1552034564083196
cg_000469,Healthy,0.04569192984091756,0.41122736856825803,-0.26128064370033693
cg_000470,Acute myeloid leukaemia,0.13713093397745654,0.6228595183150896,-0.21482498660356505
cg_000471,Mixed phenotype acute leukaemia,0.026418875744860945,0.23776988170374852,0.7622879904658891
cg_000472,Therapy-related acute myeloid leukaemia,0.10868935173921832,0.326068055217655,0.5960044843780029
cg_000473,Acute myeloid leukaemia,0.4699462881345008,0.8528604764475698,0.0950920501257264
cg_000474,Acute promyelocytic leukaemia,0.015988080652064356,0.1438927258685792,-0.8838835490316016
cg_000475,Acute promyelocytic leukaemia,0.3850730750354806,0.6081375114525032,-0.394000995669166
cg_000476,Mixed phenotype acute leukaemia,0.0475375814938742,0.3548747810490569,0.5496125278997757
cg_000477,Acute myeloid leukaemia,0.5845489294770181,0.9618767195747036,-0.07827722891264864
cg_000478,Acute undifferentiated leukaemia,0.012535193422855188,0.1128167408056967,-0.7871587421626733
cg_000479,Acute myeloid leukaemia,0.22815638709209338,0.70358652799846,-0.17205136912064298
cg_000480,B-lymphoblastic leukaemia,0.11736609796678152,0.5348342412872693,-0.15955012041870578
cg_000481,Acute myeloid leukaemia,0.03653966062497546,0.19039052661246708,-0.2864731120410427
cg_000482,Acute myeloid leukaemia,0.0026185671586876746,0.014462262324329959,0.43018546675742714
cg_000483,Acute undifferentiated leukaemia,0.05086082978289443,0.4577474680460499,1.0679292489499776
cg_000484,Healthy,0.054569943772059856,0.4911294939485387,0.25443157720588816
cg_000485,Acute myeloid leukaemia,0.39079065565657256,0.8685374029378151,-0.11299441531389963
cg_000486,Juvenile myelomonocytic leukaemia,0.0010516946694019895,0.009465252024617905,-1.3718688029342017
cg_000487,Acute myeloid leukaemia,0.039909454737891224,0.359185092641021,-0.31058350123876893
cg_000488,Acute promyelocytic leukaemia,0.4447159174734454,0.8004886514522017,0.2797679926603142
cg_000489,B-lymphoblastic leukaemia,0.33788938986880424,0.7437823228822729,-0.09730276135230105
cg_000490,B-lymphoblastic leukaemia,0.2660247163022609,0.598555611680087,0.11322051822467838
cg_000491,Acute myeloid leukaemia,0.18768732829941265,0.6784439312795794,-0.17518717152012778
cg_000492,Acute promyelocytic leukaemia,0.09894474454979048,0.33468190498879613,0.7384815312792343
cg_000493,Acute myeloid leukaemia,0.6866497613228808,0.893183906374632,-0.05586044286407112
cg_000494,T-lymphoblastic leukaemia,0.004979198373755098,0.04481278536379588,-0.47458137576786025
cg_000495,Healthy,0.1276087147113242,0.3693720656080226,0.21404066177149772
cg_000496,B-lymphoblastic leukaemia,0.06669773883936193,0.3839552124287126,0.18656944018203922
cg_000497,B-lymphoblastic leukaemia,0.01644812768583351,0.0740165745862508,-0.2442450727880009
cg_000498,Acute myeloid leukaemia,0.3066631088918172,0.8139461148967325,0.14309843004951628
cg_000499,Acute myeloid leukaemia,0.23005501040213316,0.9602090783451097,-0.16626913321549744
cg_000500,Acute myeloid leukaemia,0.03870332396250811,0.348329915662573,0.30261153643884153
cg_000501,Acute undifferentiated leukaemia,0.0846139723133405,0.7615257508200646,0.7026682193318058
cg_000502,Acute promyelocytic leukaemia,0.008132725432487603,0.07319452889238844,-0.8489333567793524
cg_000503,Acute undifferentiated leukaemia,0.06556447197205353,0.5900802477484818,1.0113533855003973
cg_000504,Mixed phenotype acute leukaemia,0.01432180824272503,0.12889627418452526,0.7973568439366586
cg_000505,Acute promyelocytic leukaemia,0.10714424145934746,0.8832359348356276,-0.5449338745617066
cg_000506,Acute myeloid leukaemia,0.24929918503597628,0.5739181991103741,-0.1528183520287096
cg_000507,Acute myeloid leukaemia,0.056487325243072865,0.25419296359382787,-0.28544496957629767
cg_000508,Therapy-related acute myeloid leukaemia,9.325504123508269e-05,0.0008392953711157442,1.5353087616484464
cg_000509,Acute myeloid leukaemia,0.02051502841992916,0.18463525577936243,0.31967166561835103
cg_000510,Mixed phenotype acute leukaemia,0.020934559382143104,0.15233101112282937,-0.7908101728537522
cg_000511,Healthy,0.033113179779788,0.298018618018092,-0.28809701668289595
cg_000512,Acute myeloid leukaemia,0.11659979351699849,0.2675448756981302,-0.20512164638043165
cg_000513,Therapy-related acute myeloid leukaemia,0.025358004105109824,0.22822203694598842,0.8646489222880364
cg_000514,B-lymphoblastic leukaemia,0.12174138160437402,0.4331497210493338,0.15771548966428567
cg_000515,Acute myeloid leukaemia,0.08011140523573039,0.5871420566484397,-0.2426958992713851
cg_000516,Mixed phenotype acute leukaemia,0.2680370482311201,0.8041111446933603,0.37337158798413517
cg_000517,Acute myeloid leukaemia,0.004772715112719351,0.04295443601447416,-0.40215795528580867
cg_000518,Acute promyelocytic leukaemia,0.011979250884751628,0.10781325796276466,0.8558568035414887
cg_000519,Healthy,0.0354449595261985,0.3190046357357865,0.3006677402096838
cg_000520,Acute promyelocytic leukaemia,0.034021090952714945,0.3061898185744345,0.7579087560460871
cg_000521,Acute myeloid leukaemia,0.25420484371831503,0.5719608983662088,0.15983273490347485
cg_000522,T-lymphoblastic leukaemia,0.047534862947347295,0.4278137665261257,0.3202504315083156
cg_000523,B-lymphoblastic leukaemia,0.10729644830933538,0.4828340173920092,0.16357284386104243
cg_000524,Acute promyelocytic leukaemia,0.10910394670401517,0.6024177977388966,-0.5890408472918791
cg_000525,Acute myeloid leukaemia,0.9836573718125662,0.9836573718125662,0.002957780971256886
cg_000526,Juvenile myelomonocytic leukaemia,0.06905566752819188,0.621501007753727,-0.6636695595920319
cg_000527,Acute myeloid leukaemia,0.5235828393140252,0.748269236246212,-0.09341444605152228
cg_000528,Acute promyelocytic leukaemia,0.01476960717417815,0.13292646456760335,-0.9809519100089112
cg_000529,Healthy,0.011111285173550449,0.05823288574068695,-0.3490844784745449
cg_000530,Acute promyelocytic leukaemia,0.01335454217547608,0.12019087957928472,0.9018356719131386
cg_000531,Acute promyelocytic leukaemia,0.1902907194847443,0.7860338410704502,0.5921810239792987
cg_000532,Mixed phenotype acute leukaemia,0.04148342346323457,0.3733508111691111,-0.6469671072779756
cg_000533,Acute promyelocytic leukaemia,0.10911639905767029,0.5214739923080692,-0.6114599185795532
cg_000534,B-lymphoblastic leukaemia,0.06816376342362597,0.3582377390963285,-0.18532923702237886
cg_000535,Juvenile myelomonocytic leukaemia,0.012675795970552893,0.11408216373497604,0.8598025515774403
cg_000536,Acute promyelocytic leukaemia,0.03393037505354938,0.30537337548194443,0.7674672125518868
cg_000537,Acute undifferentiated leukaemia,0.0022517537133213846,0.02026578341989246,1.4919329349645891
cg_000538,Acute promyelocytic leukaemia,0.08878250012622689,0.7643002924890744,-0.6106157855317323
cg_000539,Juvenile myelomonocytic leukaemia,0.08603875955293767,0.7743488359764391,0.6943818530839365
cg_000540,Acute myeloid leukaemia,0.06785881344181693,0.6107293209763525,0.2757774626855211
cg_000541,Healthy,0.0022647094489722784,0.020382385040750507,0.43931654008103743
cg_000542,Acute myeloid leukaemia,0.11057561587076938,0.4975902714184622,0.22572637161118025
cg_000543,Acute promyelocytic leukaemia,0.16589690390788162,0.7465360675854673,-0.4292348875967968
cg_000544,Therapy-related acute myeloid leukaemia,0.07737788684657335,0.6964009816191601,0.7156166741973802
cg_000545,B-lymphoblastic leukaemia,0.0013662890734457255,0.01229660166101153,-0.32685205012190915
cg_000546,Acute undifferentiated leukaemia,0.015694055138239058,0.14124649624415153,-0.22569094976373766
cg_000547,B-lymphoblastic leukaemia,0.19089980851565175,0.6551407365077336,0.13265688340605994
cg_000548,Healthy,0.05927044031518848,0.5334339628366963,0.267314079912952
cg_000549,Acute promyelocytic leukaemia,0.005264752131371976,0.04738276918234778,0.6381802502946643
cg_000550,Mixed phenotype acute leukaemia,0.050764285020936134,0.39463541939890967,-0.6663640426499235
cg_000551,Acute myeloid leukaemia,0.12988443126166194,0.5977818789937336,0.2212326264992871
cg_000552,Therapy-related acute myeloid leukaemia,0.05400311622569618,0.48602804603126565,-0.708395812647529
cg_000553,T-lymphoblastic leukaemia,0.017761688875820598,0.1598551998823854,-0.3976482196141466
cg_000554,Acute myeloid leukaemia,0.6757475595751881,0.9547864824602517,0.05707917716301296
cg_000555,B-lymphoblastic leukaemia,0.08936764363937581,0.40215439637719114,-0.17352908049941773
cg_000556,Therapy-related acute myeloid leukaemia,0.0706184259242538,0.3639888900673392,-0.593868142900105
cg_000557,Acute undifferentiated leukaemia,0.035143523826407105,0.31629171443766396,-1.0430721449534675
cg_000558,Acute promyelocytic leukaemia,0.26434882849261954,0.5947848641083939,-0.2479090612470088
cg_000559,T-lymphoblastic leukaemia,0.020645702842581805,0.18581132558323624,0.3864976745219648
cg_000560,Therapy-related acute myeloid leukaemia,0.07421741859097077,0.5270361934990581,-0.7431618201153715
cg_000561,B-lymphoblastic leukaemia,0.02847195503997032,0.25624759535973285,-0.22275435961401574
cg_000562,Acute undifferentiated leukaemia,0.004063371065381132,0.03657033958843019,1.284574340351089
cg_000563,B-lymphoblastic leukaemia,0.251670963492819,0.6424102648530031,0.11642456169309445
cg_000564,Juvenile myelomonocytic leukaemia,0.051071832571793194,0.45964649314613876,0.45564212425940254
cg_000565,Acute myeloid leukaemia,0.41398044020630953,0.5179573553480263,-0.118794930388112
cg_000566,Acute myeloid leukaemia,0.6732999294518358,0.8809770507742803,-0.06127279984754257
cg_000567,Healthy,0.19138763189057717,0.8612443435075973,0.1988354930691969
cg_000568,Acute myeloid leukaemia,0.3332912125253086,0.9454313398270067,-0.138202083392025
cg_000569,Acute promyelocytic leukaemia,0.18593785748715644,0.5578135724614693,0.5447868172822863
cg_000570,B-lymphoblastic leukaemia,0.05094772612866622,0.23875004119801665,0.19870426750332584
cg_000571,B-lymphoblastic leukaemia,0.23117647641294586,0.5201470719291282,0.12145240773245021
cg_000572,Acute myeloid leukaemia,0.8926348654198266,0.8926348654198265,0.019744672507194982
cg_000573,T-lymphoblastic leukaemia,0.017195709207098436,0.1547613828638859,0.35688091683596734
cg_000574,Acute myeloid leukaemia,0.026287085394471093,0.15955561688010333,-0.29548247569563807
cg_000575,Acute myeloid leukaemia,0.4268177545720986,0.8878555330957987,0.11960273017835771
cg_000576,Acute myeloid leukaemia,0.015862413384253364,0.14276172045828028,0.3445722787524286
cg_000577,Healthy,0.005778934289368738,0.05201040860431864,-0.37508740420741493
cg_000578,Healthy,0.0601916286520217,0.5417246578681952,-0.2614192905772621
cg_000579,Therapy-related acute myeloid leukaemia,0.0044876231541974764,0.04038860838777729,-0.6829317715766571
cg_000580,Healthy,0.005692575729757063,0.05123318156781357,-0.41910484610525583
cg_000581,Acute myeloid leukaemia,0.8598806668608404,0.9362016184368981,-0.024256886947018132
cg_000582,Healthy,0.006562262230994957,0.05906036007895461,-0.37822074972505276
cg_000583,Mixed phenotype acute leukaemia,0.13026432813158548,0.8248079729234642,0.3998837393616476
cg_000584,Acute myeloid leukaemia,0.8285416563506929,0.9156437734402001,-0.030206946828372973
cg_000585,B-lymphoblastic leukaemia,0.339038594154768,0.8219337779283455,0.09669588865881819
cg_000586,Healthy,0.04185208233813531,0.3766687410432178,-0.26295422170983335
cg_000587,B-lymphoblastic leukaemia,0.2554529660704458,0.76745565193812,0.1155523888993634
cg_000588,B-lymphoblastic leukaemia,0.13282620488646407,0.5560056767122665,0.1524208497206591
cg_000589,Acute myeloid leukaemia,0.9980198342000013,0.9980198342000013,-0.00036633526273894103
cg_000590,B-lymphoblastic leukaemia,0.17630355979756843,0.5289106793927053,-0.1378379144876434
cg_000591,Acute myeloid leukaemia,0.437124977784216,0.9540666849536943,-0.10576673216659019
cg_000592,Acute myeloid leukaemia,0.11653419470495778,0.35010065567877324,-0.22902771999246088
cg_000593,Acute myeloid leukaemia,0.6833943004848952,0.9916739652945328,0.05685776577343407
cg_000594,B-lymphoblastic leukaemia,0.41628980215663913,0.8665302736273471,-0.08282653962418353
cg_000595,T-lymphoblastic leukaemia,0.007781233461449224,0.07003110115304301,0.4051219273590809
cg_000596,Acute myeloid leukaemia,0.1189786315286548,0.8916983308826656,-0.22053664421967828
cg_000597,Mixed phenotype acute leukaemia,0.10556878698189216,0.48971666526473434,-0.47161471158202223
cg_000598,Acute myeloid leukaemia,0.775816005225653,0.8809913441094155,-0.03915499944716839
cg_000599,B-lymphoblastic leukaemia,0.08406856672888867,0.28424475526961523,0.1760046611149684
cg_000600,Juvenile myelomonocytic leukaemia,0.0711240441117789,0.6401163970060101,-0.6384886292831738
cg_000601,Healthy,0.09780337385519906,0.31098465744475834,-0.24135400502995993
cg_000602,Acute myeloid leukaemia,0.48629453126195765,0.9894766185237012,0.10213634719568922
cg_000603,Therapy-related acute myeloid leukaemia,0.018957580186195103,0.1706182216757559,-0.8917629996995023
cg_000604,B-lymphoblastic leukaemia,0.19019885190337707,0.5016421718508531,-0.13328368713904837
cg_000605,Acute myeloid leukaemia,0.8575259371214711,0.8681236367699564,-0.024307339415316855
cg_000606,Acute myeloid leukaemia,0.6763971088062928,0.9271644989780925,-0.06349914171141838
cg_000607,Acute myeloid leukaemia,0.355935924082026,0.8008558291845586,0.12710075840035392
cg_000608,Acute myeloid leukaemia,0.047372756077974934,0.4263548047017744,-0.27837833915495674
cg_000609,B-lymphoblastic leukaemia,0.06414109078804546,0.24882743544234087,-0.1879698896367846
cg_000610,Mixed phenotype acute leukaemia,0.027362517071409916,0.24626265364268923,-0.629696423505463
cg_000611,Acute myeloid leukaemia,0.380768651775088,0.5906324962924289,-0.12322312067854288
cg_000612,B-lymphoblastic leukaemia,0.035165781301490916,0.2845978183657714,0.2140434149370662
cg_000613,Acute myeloid leukaemia,0.1617452257615791,0.947331903747322,0.196947660883564
cg_000614,Therapy-related acute myeloid leukaemia,0.006192966245876769,0.02786834810644546,0.6976491117562049
cg_000615,Acute myeloid leukaemia,0.43882069271003843,0.9804171758803106,0.10299920926332781
cg_000616,B-lymphoblastic leukaemia,0.047803040252128004,0.32790912729623184,-0.20159685157898785
cg_000617,Acute myeloid leukaemia,0.41194123785815884,0.9776952555042152,-0.11827029719598053
cg_000618,Acute undifferentiated leukaemia,0.006486325238999268,0.05837692715099341,-0.9933442966116899
cg_000619,Acute undifferentiated leukaemia,0.0071408443520512566,0.06426759916846131,-1.449202428395845
cg_000620,Acute myeloid leukaemia,0.04925091962066982,0.44325827658602834,-0.2595541532745291
cg_000621,Acute myeloid leukaemia,0.8019548789522684,0.8136623678391128,-0.0353111351247442
cg_000622,Acute myeloid leukaemia,0.5866874975273131,0.8857891751320509,-0.07657281547450387
cg_000623,Acute undifferentiated leukaemia,0.04950136821737469,0.44551231395637225,1.1850974392123568
cg_000624,Acute myeloid leukaemia,0.4363565695554764,0.7953790811628473,0.10267538258005435
cg_000625,B-lymphoblastic leukaemia,0.1627743415285816,0.48832302458574484,0.1425359780433966
cg_000626,B-lymphoblastic leukaemia,0.12605876325459361,0.3136506564548174,-0.15545347005253873
cg_000627,Acute myeloid leukaemia,0.04299133907518243,0.21952665728246015,-0.2994725818942611
cg_000628,Acute myeloid leukaemia,0.4557538364369441,0.7247119334731876,0.10853318979453573
cg_000629,T-lymphoblastic leukaemia,0.04633864449698972,0.41704780047290746,0.31429919998260636
cg_000630,Acute myeloid leukaemia,0.1975048017901005,0.57535674785727,-0.18558491611255137
cg_000631,Mixed phenotype acute leukaemia,0.07908137133362983,0.7117323420026684,0.6658885659038092
cg_000632,Acute promyelocytic leukaemia,0.06280563686157528,0.5652507317541775,-0.5414249103478052
cg_000633,Acute myeloid leukaemia,0.3078255033229094,0.4618161046064361,-0.14156774698655705
cg_000634,Therapy-related acute myeloid leukaemia,0.013432129704565168,0.12088916734108651,-0.7808706291886374
cg_000635,Healthy,0.013261745582443354,0.11935571024199018,0.3492285828545896
cg_000636,Acute myeloid leukaemia,0.38832886853520876,0.6377749332612659,-0.12233121032416784
cg_000637,Acute myeloid leukaemia,0.17970966080612882,0.6623736243587437,0.1921890537381553
cg_000638,Acute myeloid leukaemia,0.17193890339553292,0.8454967938298359,0.19589299423230777
cg_000639,B-lymphoblastic leukaemia,0.051400130642666936,0.2313005878920012,-0.1981360527897977
cg_000640,T-lymphoblastic leukaemia,0.07315741757445714,0.6584167581701142,-0.2818151620900532
cg_000641,T-lymphoblastic leukaemia,0.04354772690163121,0.3919295421146809,-0.3328003272144876
cg_000642,Acute myeloid leukaemia,0.8809712203999087,0.9541399376154536,-0.020735774493127183
cg_000643,Acute promyelocytic leukaemia,0.06937678559590259,0.5250937786210669,-0.4493106091511578
cg_000644,Healthy,0.03149115561832405,0.28342040056491646,0.2984043798659216
cg_000645,Mixed phenotype acute leukaemia,0.03610012886378317,0.32490115977404854,-0.5207120276801258
cg_000646,Acute myeloid leukaemia,0.04113762541598813,0.3702386287438932,-0.2864314084891146
cg_000647,Acute myeloid leukaemia,0.33454643698922915,0.7206286519322256,0.1376101383478683
cg_000648,B-lymphoblastic leukaemia,0.6334125285085632,0.814387536653867,0.04849855018323505
cg_000649,B-lymphoblastic leukaemia,0.12968666988767513,0.5967323300748768,0.15395286920602805
cg_000650,Acute myeloid leukaemia,0.6890326244454359,0.9814024997224082,-0.059458474401282435
cg_000651,Acute undifferentiated leukaemia,0.017691260329962825,0.15922134296966542,-1.247992441266312
cg_000652,Acute myeloid leukaemia,0.6679793271382677,0.8973800121882333,0.06113473787742216
cg_000653,Acute myeloid leukaemia,0.41210713095817186,0.6709127205665393,0.11961121186436019
cg_000654,Acute myeloid leukaemia,0.6803398775185495,0.7549972108779004,-0.05650027169783196
cg_000655,Acute myeloid leukaemia,0.12823970973565169,0.5730751677695041,0.2241825357556685
cg_000656,Acute myeloid leukaemia,0.7077228023788533,0.9269541257369512,-0.05401433107188262
cg_000657,Therapy-related acute myeloid leukaemia,0.012443561958900307,0.11199205763010277,-0.8313909341048306
cg_000658,Acute myeloid leukaemia,0.5397936346239554,0.781586858988801,0.08330832526540242
cg_000659,Acute myeloid leukaemia,0.10089701134658581,0.6463976604576814,-0.23534055661440056
cg_000660,T-lymphoblastic leukaemia,0.007839379908082467,0.0705544191727422,-0.4105334205520985
cg_000661,Acute myeloid leukaemia,0.16124281961939244,0.3648030057591624,0.20517120021384605
cg_000662,Mixed phenotype acute leukaemia,0.27405564594000453,0.676140718968463,0.3569840440160796
cg_000663,Juvenile myelomonocytic leukaemia,0.003993042548717533,0.035937382938457794,0.6258192511149904
cg_000664,Healthy,0.03882800681775668,0.3494520613598101,-0.2963456543892204
cg_000665,Acute myeloid leukaemia,0.006559578559846356,0.0590362070386172,0.3936077417232095
cg_000666,Acute promyelocytic leukaemia,0.035044134294115556,0.22114890228467224,-0.8693056797422333
cg_000667,Acute myeloid leukaemia,0.1796088127666681,0.4545596016290586,0.1940112026098008
cg_000668,Acute myeloid leukaemia,0.18747761901947224,0.8086067227548349,-0.18367461035028596
cg_000669,Acute myeloid leukaemia,0.3714055514197474,0.8630007318045133,-0.12304777977591745
cg_000670,Acute myeloid leukaemia,0.018924688780435527,0.17032219902391973,-0.32387193934185776
cg_000671,Acute myeloid leukaemia,0.2443485812086899,0.9750094806117416,-0.16791691853603022
cg_000672,Mixed phenotype acute leukaemia,0.2571911982926029,0.6026208594031733,-0.3948103016816541
cg_000673,T-lymphoblastic leukaemia,0.016602299618075706,0.14942069656268137,0.3699397342063394
cg_000674,Acute undifferentiated leukaemia,0.0038600351776474943,0.034740316598827446,1.7605092713076704
cg_000675,Acute myeloid leukaemia,0.7321457052684663,0.8931534208595645,0.047992534416584506
cg_000676,Acute myeloid leukaemia,0.8027275433677983,0.8675290542918073,0.03615566570395795
cg_000677,Acute myeloid leukaemia,0.8406769471172197,0.9237846789269852,-0.028183335693664952
cg_000678,Mixed phenotype acute leukaemia,0.08171718537989392,0.5187049743792642,-0.6069666755549138
cg_000679,B-lymphoblastic leukaemia,0.09283882593048089,0.32143759563860036,0.17079441325806333
cg_000680,Acute myeloid leukaemia,0.4398219410305142,0.692604496464423,-0.11464224722482527
cg_000681,Mixed phenotype acute leukaemia,0.01782510572350349,0.1604259515115314,-0.7445456146547105
cg_000682,Healthy,0.2256362919733381,0.6769088759200143,-0.16775472457847487
cg_000683,B-lymphoblastic leukaemia,0.6019073618037056,0.8567984255202674,-0.052837926477749035
cg_000684,Acute myeloid leukaemia,0.2694943434019868,0.9825126508581165,-0.14827751738894454
cg_000685,Mixed phenotype acute leukaemia,0.06288598194442326,0.33101357542577964,0.5256371103379398
cg_000686,Acute undifferentiated leukaemia,0.015407638014176675,0.13866874212759006,1.2096176569210948
cg_000687,T-lymphoblastic leukaemia,0.23786065247254423,0.7135819574176328,0.1848330872462834
cg_000688,Acute myeloid leukaemia,0.14338213045958467,0.7046457085835568,-0.20654329494781468
cg_000689,Acute myeloid leukaemia,0.2596809496850134,0.7355097357057104,-0.15754160944533352
cg_000690,B-lymphoblastic leukaemia,0.08651626835768918,0.4469838580348297,0.17501171566415574
cg_000691,Healthy,0.016515322664786627,0.14863790398307963,0.3352228095677227
cg_000692,Acute myeloid leukaemia,0.7562648224570134,0.9778950598881545,-0.04007180672296514
cg_000693,T-lymphoblastic leukaemia,0.16262837369028077,0.7318276816062634,-0.2252385000136603
cg_000694,Acute myeloid leukaemia,0.17909309398818396,0.7859801134865259,-0.18441220427065283
cg_000695,B-lymphoblastic leukaemia,0.03576427628658796,0.2757820547727874,-0.21478288673412368
cg_000696,Acute promyelocytic leukaemia,0.0243590344360242,0.2192313099242178,-0.7722033341905001
cg_000697,Acute myeloid leukaemia,0.5179725897537759,0.7373432075966688,0.09354522362763092
cg_000698,Acute myeloid leukaemia,0.7283795247502848,0.8194269653440703,0.05106979476008137
cg_000699,Acute myeloid leukaemia,0.17938284535381926,0.6809381373973072,-0.17228840362279407
cg_000700,Healthy,0.11307803236219374,0.8843462881486968,0.24329877878555617
cg_000701,Acute promyelocytic leukaemia,0.0398385723000316,0.3585471507002844,0.7529606213457588
cg_000702,Acute promyelocytic leukaemia,0.09412438121892545,0.847119430970329,-0.49417193138820653
cg_000703,Acute promyelocytic leukaemia,0.03454822905625149,0.1554670307531317,-0.8515103372661033
cg_000704,Mixed phenotype acute leukaemia,0.025843882686068572,0.1298542687509984,0.8184823440506998
cg_000705,Acute myeloid leukaemia,0.17690670269353034,0.2653600540402955,0.18830703475000665
cg_000706,Acute undifferentiated leukaemia,0.00216555259806509,0.01948997338258581,-1.8773795404917595
cg_000707,Acute myeloid leukaemia,0.12593180403725507,0.3777954121117652,0.222022346319358
cg_000708,Juvenile myelomonocytic leukaemia,0.0017998898754461,0.0161990088790149,1.0535820065480708
cg_000709,Juvenile myelomonocytic leukaemia,0.04991537534897285,0.4492383781407556,-0.7796124759485025
cg_000710,Acute myeloid leukaemia,0.4007251832701886,0.8964429469273474,0.11333589001455388
cg_000711,Juvenile myelomonocytic leukaemia,0.00844892958763652,0.07604036628872868,0.7053227849639271
cg_000712,Acute myeloid leukaemia,0.48224290100013223,0.6313596971017327,0.0972643601826063
cg_000713,Acute myeloid leukaemia,0.49908040009129373,0.8639632991636034,-0.09377255599071059
cg_000714,Mixed phenotype acute leukaemia,0.03538036198167414,0.31842325783506725,-0.7449290823060257
cg_000715,Therapy-related acute myeloid leukaemia,0.03300852602743838,0.2970767342469454,-0.7878309332635064
cg_000716,Juvenile myelomonocytic leukaemia,0.07159402700486538,0.6443462430437884,-0.82205020544704
cg_000717,Juvenile myelomonocytic leukaemia,0.010217599171882944,0.0919583925469465,0.939735116916933
cg_000718,Acute myeloid leukaemia,0.3563538961310305,0.9546041016495282,0.1293617686040129
cg_000719,Acute myeloid leukaemia,0.590766840625355,0.9382201725339742,-0.07445663108528307
cg_000720,Acute myeloid leukaemia,0.004210780416301073,0.03789702374670966,0.4087074566843161
cg_000721,B-lymphoblastic leukaemia,0.12601052648337496,0.37803157945012494,0.15583215342908435
cg_000722,Acute promyelocytic leukaemia,0.3912611317738179,0.8271811977437427,-0.35624572010265537
cg_000723,Mixed phenotype acute leukaemia,0.004179154152226197,0.03761238737003577,0.6255412474466866
cg_000724,Acute myeloid leukaemia,0.21902656552374108,0.49280977242841745,-0.17201859247795928
cg_000725,Acute undifferentiated leukaemia,0.02396686015061434,0.21570174135552905,0.7247717459878592
cg_000726,Acute promyelocytic leukaemia,0.04276366716019997,0.3848730044417997,0.7906256549943151
cg_000727,Acute promyelocytic leukaemia,0.0019945209397736387,0.01795068845796275,1.170868451888776
cg_000728,Acute myeloid leukaemia,0.49191489457988313,0.9952831427023168,-0.09789355808950465
cg_000729,B-lymphoblastic leukaemia,0.09180357692690144,0.2754107307807043,0.17166602562332742
cg_000730,Acute myeloid leukaemia,0.6155002126725158,0.8083976975248355,0.06992701592774687
cg_000731,B-lymphoblastic leukaemia,0.02525891940100097,0.11366513730450437,-0.22782406431314683
cg_000732,Acute myeloid leukaemia,0.09567195989736516,0.5642014170642357,0.21743980771307264
cg_000733,T-lymphoblastic leukaemia,0.030003563757572668,0.27003207381815403,-0.3452963237467633
cg_000734,Acute promyelocytic leukaemia,0.10920477368998287,0.3276143210699486,0.6583230153354965
cg_000735,Acute undifferentiated leukaemia,0.0027036865948076093,0.024333179353268484,-1.2182767471279161
cg_000736,Mixed phenotype acute leukaemia,0.23190653046154147,0.6972645151870864,0.27294935043610913
cg_000737,Acute myeloid leukaemia,0.24579223847439394,0.6767476481391821,0.16625950234454964
cg_000738,Acute myeloid leukaemia,0.1714119098436173,0.9890015052025269,-0.18836743464877584
cg_000739,Acute undifferentiated leukaemia,0.02025020500247226,0.18225184502225034,-0.880998341630938
cg_000740,B-lymphoblastic leukaemia,0.2166414846944686,0.5432161962571136,-0.1253280137300994
cg_000741,Acute myeloid leukaemia,0.16917038265224257,0.42639623813745364,-0.18650349883256215
cg_000742,Acute myeloid leukaemia,0.5662860593951675,0.8113309853154697,0.08130504111274593
cg_000743,Acute myeloid leukaemia,0.4253455315306002,0.6678042200790605,-0.11405252331743904
cg_000744,T-lymphoblastic leukaemia,0.029637303647194652,0.2667357328247519,0.3447165837852953
cg_000745,Mixed phenotype acute leukaemia,0.0027420919115810345,0.02467882720422931,0.9688290376832017
cg_000746,Acute undifferentiated leukaemia,0.004878581289274286,0.04390723160346857,-1.1446604582756699
cg_000747,Acute myeloid leukaemia,0.09868652983962033,0.42397720274635686,0.23452815411719344
cg_000748,Acute myeloid leukaemia,0.9725042963267476,0.9861769165497998,0.004990453553878351
cg_000749,Acute promyelocytic leukaemia,0.12348295402309516,0.5741656643927532,-0.6625704874480884
cg_000750,T-lymphoblastic leukaemia,0.03255598723825211,0.29300388514426895,-0.32111010647247884
cg_000751,Acute myeloid leukaemia,0.06839370184491184,0.3205461975776775,0.2738249149762319
cg_000752,Acute promyelocytic leukaemia,0.050767672506787584,0.24159671779967054,0.8196280828770683
cg_000753,B-lymphoblastic leukaemia,0.045317103797346575,0.2400753653965998,-0.20370703169293258
cg_000754,Acute myeloid leukaemia,0.2906563198094274,0.7492633868397095,-0.150728169887023
cg_000755,Acute myeloid leukaemia,0.5034754363627432,0.7552131545441148,0.09231332740090337
cg_000756,Acute myeloid leukaemia,0.6087807186591861,0.8793021431685571,0.07033875508367365
cg_000757,Healthy,0.0321903565547183,0.14485660449623236,-0.3187274071881999
cg_000758,Acute myeloid leukaemia,0.5963464677966055,0.7401094795771656,0.07177430614268021
cg_000759,Acute myeloid leukaemia,0.04207245980911399,0.24539473984371793,-0.27564242069313977
cg_000760,Acute myeloid leukaemia,0.16894960417095903,0.8380612440855969,-0.19935645538656474
cg_000761,Acute myeloid leukaemia,0.13044186593850748,0.5368540914053271,-0.21296934809285598
cg_000762,Healthy,0.04703046842352666,0.4232742158117399,-0.28986133357216076
cg_000763,Acute promyelocytic leukaemia,0.2253566027400103,0.5203254635908758,-0.48958197653268953
cg_000764,Acute undifferentiated leukaemia,0.04600563192578611,0.414050687332075,-0.7805951175759934
cg_000765,Acute promyelocytic leukaemia,0.34296735690568764,0.5144510353585314,0.34624596607881597
cg_000766,Therapy-related acute myeloid leukaemia,0.08174994486224824,0.7357495037602342,0.4416900957763883
cg_000767,B-lymphoblastic leukaemia,0.03634831495639887,0.32713483460758985,0.2130269178855309
cg_000768,Acute myeloid leukaemia,0.6774127474274123,0.8709592466923873,-0.05955441208371267
cg_000769,Mixed phenotype acute leukaemia,0.03036198623952006,0.27325787615568053,-0.6488543004598107
cg_000770,Acute promyelocytic leukaemia,0.10250551937603489,0.922549674384314,0.4574783302447404
cg_000771,B-lymphoblastic leukaemia,0.10805477308315897,0.48624647887421535,0.16341831043135785
cg_000772,B-lymphoblastic leukaemia,0.007670341364672386,0.06903307228205147,-0.27185671000331035
cg_000773,B-lymphoblastic leukaemia,0.009086484701570878,0.0817783623141379,-0.2661500479419454
cg_000774,B-lymphoblastic leukaemia,0.456010248917071,0.7961910415507051,-0.07566557138636731
cg_000775,Acute myeloid leukaemia,0.16700551750870363,0.6232036574961425,-0.20228090700714538
cg_000776,Acute undifferentiated leukaemia,0.03895238935276,0.35057150417484,-0.5943770470529577
cg_000777,Acute myeloid leukaemia,0.03038897241100961,0.1246855369533516,-0.2991605601886223
cg_000778,Acute myeloid leukaemia,0.5031371648214653,0.8819443205350397,0.08939671231123228
cg_000779,Mixed phenotype acute leukaemia,0.42096839754055493,0.8820059014570093,0.21770046461758455
cg_000780,Acute myeloid leukaemia,0.1446853419876921,0.6510840389446144,-0.21775251308907115
cg_000781,B-lymphoblastic leukaemia,0.11532984269146898,0.34598952807440697,-0.16057902427812512
cg_000782,Acute promyelocytic leukaemia,0.028626187540351438,0.25763568786316293,-0.635460457048025
cg_000783,Acute myeloid leukaemia,0.6396632832087652,0.7276687763948972,-0.06821394743370807
cg_000784,Acute undifferentiated leukaemia,0.00904786092417734,0.08143074831759606,-1.1856883734570245
cg_000785,T-lymphoblastic leukaemia,0.08060234060565773,0.7254210654509196,-0.29474879239559304
cg_000786,B-lymphoblastic leukaemia,0.6240633932828639,0.7652540600045415,0.04983691147731779
cg_000787,Acute promyelocytic leukaemia,0.12066572700157492,0.5860221565237899,0.6464159995702248
cg_000788,Acute myeloid leukaemia,0.058962384758241504,0.2710300662271701,0.2702928882071905
cg_000789,T-lymphoblastic leukaemia,0.05896248747445271,0.5306623872700744,-0.3071608403783286
cg_000790,Healthy,0.009598660484489463,0.08638794436040516,-0.342052384199667
cg_000791,B-lymphoblastic leukaemia,0.15382773695426535,0.479372004930618,-0.14498588771663865
cg_000792,B-lymphoblastic leukaemia,0.6036985712835767,0.7761838773645986,-0.052696657515823385
cg_000793,Healthy,0.0008220355653414875,0.007398320088073388,-0.4937292643533596
cg_000794,Acute myeloid leukaemia,0.750074365992875,0.8438336617419844,0.04286422782012313
cg_000795,Therapy-related acute myeloid leukaemia,0.04074466539196597,0.36670198852769376,0.7947211491194488
cg_000796,Therapy-related acute myeloid leukaemia,0.20761852121854948,0.9342833454834727,-0.4726370534115044
cg_000797,Acute myeloid leukaemia,0.044646651973766105,0.40181986776389494,-0.2865587533637185
cg_000798,Juvenile myelomonocytic leukaemia,0.017994134792250118,0.16194721313025107,0.7434166683106855
cg_000799,Acute myeloid leukaemia,0.3055716942785579,0.6008219455096039,0.1364235569455801
cg_000800,B-lymphoblastic leukaemia,0.17999654889541736,0.6100456325612668,0.1359813180106111
cg_000801,B-lymphoblastic leukaemia,0.08086419161978423,0.363888862289029,-0.17776358410161627
cg_000802,Acute myeloid leukaemia,0.2658841546483858,0.7318799591016429,0.15530943359711216
cg_000803,Juvenile myelomonocytic leukaemia,0.044285357036779584,0.3985682133310163,-0.8405773125746036
cg_000804,Acute myeloid leukaemia,0.0075048095087490545,0.0675432855787415,0.3987497076074644
cg_000805,Therapy-related acute myeloid leukaemia,0.006311839681050556,0.056806557129455,0.7295754821783622
cg_000806,Acute myeloid leukaemia,0.49827222919418046,0.9098588430641562,0.0944896645064232
cg_000807,B-lymphoblastic leukaemia,0.05380214043031939,0.4842192638728745,-0.19591909959325293
cg_000808,Juvenile myelomonocytic leukaemia,0.005795752833369158,0.05216177550032242,1.234396855673274
cg_000809,Acute myeloid leukaemia,0.19293702416049938,0.5788110724814981,0.1905798973072075
cg_000810,B-lymphoblastic leukaemia,0.534877788568489,0.8023166828527334,-0.06318079268941061
cg_000811,Acute promyelocytic leukaemia,0.040280454723704305,0.3625240925133387,0.6460046910893421
cg_000812,Mixed phenotype acute leukaemia,0.06339568454671227,0.5705611609204104,-0.614441958763379
cg_000813,Acute promyelocytic leukaemia,0.0027961686468461703,0.02516551782161553,1.090186123909559
cg_000814,B-lymphoblastic leukaemia,0.1074362304519656,0.7612432010266152,-0.16350865487587762
cg_000815,Acute myeloid leukaemia,0.26629547804304277,0.8638430451915207,0.15668180654636413
cg_000816,Therapy-related acute myeloid leukaemia,0.026160496934893796,0.23544447241404418,0.5211656166494159
cg_000817,Acute promyelocytic leukaemia,0.31767093901059273,0.9530128170317781,0.33700822886725196
cg_000818,Acute myeloid leukaemia,0.18716945999276643,0.714243026622146,0.19570294251657608
cg_000819,Acute myeloid leukaemia,0.07341116314700057,0.6607004683230051,-0.24300617563571578
cg_000820,B-lymphoblastic leukaemia,0.005393969589510493,0.048545726305594436,-0.28260890561389623
cg_000821,B-lymphoblastic leukaemia,0.05672941441981883,0.5105647297783695,0.19393832519642823
cg_000822,T-lymphoblastic leukaemia,0.011017657106523936,0.09915891395871543,-0.4020854484176599
cg_000823,Acute myeloid leukaemia,0.09328876237882897,0.41979943070473036,0.2388756144536145
cg_000824,Juvenile myelomonocytic leukaemia,0.040721212178622984,0.3664909096076069,0.824465118727256
cg_000825,Mixed phenotype acute leukaemia,0.06628118130694438,0.4262253321748412,-0.6568950174213494
cg_000826,Acute myeloid leukaemia,0.06097780573936711,0.19445175901968711,0.27285012424272476
cg_000827,Acute promyelocytic leukaemia,0.00916971651317733,0.08252744861859597,0.5037491945611844
cg_000828,Acute myeloid leukaemia,0.3456915585335333,0.5851717586534343,0.1296074754905936
cg_000829,Acute undifferentiated leukaemia,0.052328974159250134,0.4709607674332512,-1.2051364635106045
cg_000830,Acute myeloid leukaemia,0.40498494769577265,0.8469062112838802,-0.11981181181830562
cg_000831,Mixed phenotype acute leukaemia,0.02062491358335044,0.18562422225015396,-0.6079120856303192
cg_000832,Acute promyelocytic leukaemia,0.004727099588720041,0.04254389629848037,0.9004028287627936
cg_000833,Juvenile myelomonocytic leukaemia,0.006828846333199181,0.061459616998792634,0.9706848142430214
cg_000834,Acute myeloid leukaemia,0.5394517727201751,0.8091776590802627,0.08205533938377879
cg_000835,Acute myeloid leukaemia,0.46412268316368,0.6241803669181187,0.09794760705927359
cg_000836,Acute promyelocytic leukaemia,0.13327090107808942,0.6173872345969957,0.5046863898537686
cg_000837,Therapy-related acute myeloid leukaemia,0.03293634168518607,0.2964270751666746,-0.7740770489631599
cg_000838,Acute myeloid leukaemia,0.1579957933022551,0.613542050860606,-0.21655581646171732
cg_000839,T-lymphoblastic leukaemia,5.180854306855159e-05,0.0004662768876169643,0.6704769667771103
cg_000840,Mixed phenotype acute leukaemia,0.11024464058863691,0.4961008826488661,-0.4911920699581221
cg_000841,Acute myeloid leukaemia,0.05848234495190914,0.4146823205653641,0.2592159345828905
cg_000842,B-lymphoblastic leukaemia,0.013694927181265186,0.12325434463138668,-0.25146578270008263
cg_000843,Acute promyelocytic leukaemia,0.04055992773480528,0.27593785712109764,-0.716350782976965
cg_000844,T-lymphoblastic leukaemia,0.01822852876126927,0.16405675885142343,-0.3875260055183664
cg_000845,Acute myeloid leukaemia,0.2654770521180411,0.8847061359466606,-0.1572354105175738
cg_000846,Healthy,0.16576445624813127,0.6363051330282624,0.19263836057292846
cg_000847,Healthy,0.0021362397912990166,0.01922615812169115,-0.4085196351356273
cg_000848,Acute undifferentiated leukaemia,0.04308202294171635,0.38773820647544716,1.0970157438654458
cg_000849,T-lymphoblastic leukaemia,0.015335409302247293,0.13801868372022563,-0.359906799150691
cg_000850,Mixed phenotype acute leukaemia,0.15056556592074438,0.7057056770761164,-0.49107805962892215
cg_000851,Mixed phenotype acute leukaemia,0.17871105827601083,0.8574295263646923,0.36469867065750045
cg_000852,Acute myeloid leukaemia,0.8468212860964041,0.8468212860964041,-0.027675298932706715
cg_000853,Acute myeloid leukaemia,0.27530795130728053,0.5303865374244673,-0.16115579673720554
cg_000854,T-lymphoblastic leukaemia,0.01576829016889269,0.1419146115200342,0.3973799467216426
cg_000855,Acute promyelocytic leukaemia,0.027422542745180974,0.24680288470662876,-0.8011126656216042
cg_000856,Acute myeloid leukaemia,0.7544230094215384,0.8487258855992307,0.04500478367763711
cg_000857,B-lymphoblastic leukaemia,0.0821566422379022,0.5529250089277292,-0.17649850031502717
cg_000858,Juvenile myelomonocytic leukaemia,0.00809083366512443,0.07281750298611987,1.2443040275376263
cg_000859,Mixed phenotype acute leukaemia,0.014990797736201407,0.13491717962581268,0.9135728470342711
cg_000860,Acute myeloid leukaemia,0.6622597959331902,0.9449024724702932,-0.061464230289753494
cg_000861,Therapy-related acute myeloid leukaemia,0.004800870320325026,0.043207832882925234,-0.8965867339635254
cg_000862,T-lymphoblastic leukaemia,0.10330616665563004,0.4648777499503352,-0.25489955239442014
cg_000863,Mixed phenotype acute leukaemia,0.1386335384789447,0.4096037012125326,-0.3457591309514445
cg_000864,Acute myeloid leukaemia,0.7141253574020986,0.8619406204145397,-0.05293759232313084
cg_000865,B-lymphoblastic leukaemia,0.4065171454404205,0.6663629859427477,-0.08449741594452422
cg_000866,Acute myeloid leukaemia,0.995462193569441,0.995462193569441,-0.0008306263463719102
cg_000867,Mixed phenotype acute leukaemia,0.18229225994302964,0.7196397565704701,-0.46302359323897513
cg_000868,Acute myeloid leukaemia,0.8797353827561533,0.9760935844960537,-0.021355044816446626
cg_000869,Juvenile myelomonocytic leukaemia,0.062087561052414225,0.558788049471728,-0.7343470355273058
cg_000870,Therapy-related acute myeloid leukaemia,0.06751773911988232,0.34615721974358665,-0.6088871196024476
cg_000871,Acute promyelocytic leukaemia,0.2661826611801867,0.6630539404958361,-0.33818193042928935
cg_000872,Mixed phenotype acute leukaemia,0.03599552934639986,0.32395976411759875,-0.6388590448480747
cg_000873,Acute promyelocytic leukaemia,0.10670304142515245,0.6722971945372642,-0.6003957993431405
cg_000874,Juvenile myelomonocytic leukaemia,0.00571863875996787,0.05146774883971083,0.7349671440889466
cg_000875,Acute myeloid leukaemia,0.19521821984538168,0.9391943151035318,0.1926670381767877
cg_000876,Juvenile myelomonocytic leukaemia,0.007420032067573305,0.06678028860815974,-0.9125487932409866
cg_000877,Acute myeloid leukaemia,0.03345953303833207,0.1597959438800286,0.27937353998874964
cg_000878,T-lymphoblastic leukaemia,0.03534618261112646,0.3181156435001381,0.32574230785986286
cg_000879,B-lymphoblastic leukaemia,0.039753660319750285,0.3577829428777526,-0.20863543983338736
cg_000880,Acute myeloid leukaemia,0.06530324699102869,0.44638983087784934,0.27413483961703733
cg_000881,T-lymphoblastic leukaemia,0.0120777120031467,0.1086994080283203,0.42177712065421924
cg_000882,Acute promyelocytic leukaemia,0.40174984344385234,0.7476473503014488,0.3227998539332721
cg_000883,B-lymphoblastic leukaemia,0.3149567855873517,0.944870356762055,0.10218159012048646
cg_000884,B-lymphoblastic leukaemia,0.026688851485141586,0.24019966336627427,0.22477052749209936
cg_000885,Therapy-related acute myeloid leukaemia,0.027951866710283685,0.2515668003925532,-0.8849518622736137
cg_000886,Juvenile myelomonocytic leukaemia,0.039250902920844835,0.3532581262876035,-1.0323650850899202
cg_000887,Acute myeloid leukaemia,0.44483946097071925,0.7554822137054349,0.10680921386656617
cg_000888,Acute myeloid leukaemia,0.03469802505224285,0.3007853581628688,0.31902197960487844
cg_000889,Acute promyelocytic leukaemia,0.041418357081674594,0.3727652137350713,0.5648374410192544
cg_000890,Acute myeloid leukaemia,0.07888889789677812,0.23666669369033436,0.25407954001373495
cg_000891,Acute myeloid leukaemia,0.8367075870184939,0.8367075870184939,-0.028203878228964748
cg_000892,Acute myeloid leukaemia,0.18323304236115442,0.5187330673999853,-0.17730281857686184
cg_000893,Acute promyelocytic leukaemia,0.04398331619788892,0.3958498457810003,-0.8722937917593291
cg_000894,Acute myeloid leukaemia,0.025002390975639048,0.22502151878075144,0.3105512544802998
cg_000895,T-lymphoblastic leukaemia,0.0026923534312178793,0.024231180880960913,-0.4232326288036134
cg_000896,Acute promyelocytic leukaemia,0.05949344057386441,0.4212917011441717,0.826993363352944
cg_000897,Acute myeloid leukaemia,0.6896064631509857,0.8675516293812162,-0.05531629086912209
cg_000898,Acute myeloid leukaemia,0.2151781794124398,0.9503501968017211,-0.17919050694322775
cg_000899,B-lymphoblastic leukaemia,0.03630458043181617,0.3267412238863455,0.21346102085508856
cg_000900,Juvenile myelomonocytic leukaemia,0.09449340640488868,0.8504406576439981,-0.5437785942859628
cg_000901,Acute myeloid leukaemia,0.086405830669686,0.45816387780038953,0.23317243638912996
cg_000902,B-lymphoblastic leukaemia,0.02598881901604917,0.14998910545107164,-0.22561157395595804
cg_000903,Acute myeloid leukaemia,0.07743529638346684,0.6207042595493382,0.26622779191265705
cg_000904,Healthy,0.18917895336416898,0.8513052901387604,-0.17825953938575448
cg_000905,Juvenile myelomonocytic leukaemia,0.018878479566639246,0.1699063160997532,1.0821787474056226
cg_000906,Acute undifferentiated leukaemia,0.10065185519089678,0.9058666967180711,0.5862103694221507
cg_000907,Healthy,0.03647679847486343,0.24485427734001725,-0.3106593893885389
cg_000908,Acute myeloid leukaemia,0.17058965689522798,0.6174526824893896,0.19623015230089394
cg_000909,Acute myeloid leukaemia,0.030183440517495812,0.13582548232873115,0.31203525271829363
cg_000910,Acute myeloid leukaemia,0.06956980414609176,0.3130641186574129,-0.25630024585433814
cg_000911,Mixed phenotype acute leukaemia,0.004964769622838137,0.04468292660554323,0.7220424212277495
cg_000912,Acute myeloid leukaemia,0.6095230692030387,0.8091644849070108,0.07288897530176244
cg_000913,Therapy-related acute myeloid leukaemia,0.008018059227446887,0.07216253304702198,0.6338377789489108
cg_000914,B-lymphoblastic leukaemia,0.24518606719056518,0.6492489460313561,0.11844147911520866
cg_000915,Acute myeloid leukaemia,0.32387695842420294,0.6847334739878436,-0.1397473568876962
cg_000916,Acute myeloid leukaemia,0.3965413000763939,0.5305470478365867,-0.11770477206442921
cg_000917,B-lymphoblastic leukaemia,0.42511592977163526,0.7652086735889434,-0.08092562243927913
cg_000918,Acute myeloid leukaemia,0.18095491223970173,0.5297154677857379,-0.19692731566337976
cg_000919,Acute promyelocytic leukaemia,0.022595689010578485,0.15974029517682273,-0.8884839158969832
cg_000920,Acute promyelocytic leukaemia,0.050965391122608415,0.33119455473859977,0.815726973063168
cg_000921,Acute myeloid leukaemia,0.3051558344983494,0.9029639170476381,0.15013466728426839
cg_000922,T-lymphoblastic leukaemia,0.025678112581118268,0.2311030132300644,0.3838125038011319
cg_000923,Acute promyelocytic leukaemia,0.13863785366762127,0.6238703415042957,-0.6550124470944302
cg_000924,Acute undifferentiated leukaemia,0.006353945340081101,0.05718550806072991,1.3482569241486175
cg_000925,Acute myeloid leukaemia,0.1871848808113178,0.6694916374563932,0.18943153713178248
cg_000926,B-lymphoblastic leukaemia,0.13962211318228818,0.6282995093202968,-0.14988963631141514
cg_000927,Acute myeloid leukaemia,0.32986519423358496,0.9280223570369917,-0.1416430011742112
cg_000928,Acute promyelocytic leukaemia,0.29190926811936313,0.733927337436825,0.40768009849433867
cg_000929,Healthy,0.09782849628263782,0.44022823327187016,-0.23189913166045376
cg_000930,Acute undifferentiated leukaemia,0.06384649330599183,0.5746184397539265,1.0739002963702944
cg_000931,Acute myeloid leukaemia,0.01783791961072471,0.1605412764965224,0.3319325194240726
cg_000932,B-lymphoblastic leukaemia,0.009980047784839921,0.08982043006355929,-0.2626328541567354
cg_000933,Acute promyelocytic leukaemia,0.009238256489401924,0.08314430840461731,0.9154718465702485
cg_000934,Acute myeloid leukaemia,0.1974481055974807,0.4864963569742957,-0.18449118656172162
cg_000935,Therapy-related acute myeloid leukaemia,0.01330765553780003,0.11976889984020027,0.7679802180180051
cg_000936,Juvenile myelomonocytic leukaemia,0.043672775358362476,0.39305497822526225,0.9301426965715661
cg_000937,Juvenile myelomonocytic leukaemia,0.089827081551507,0.808443733963563,0.7476157316276093
cg_000938,Acute myeloid leukaemia,0.10315299873841927,0.5733878673177099,0.22723371542105447
cg_000939,Mixed phenotype acute leukaemia,0.04170531806595515,0.3654781254261079,-0.7261594202093393
cg_000940,B-lymphoblastic leukaemia,0.05443625568959644,0.48992630120636793,0.19571798568182885
cg_000941,B-lymphoblastic leukaemia,0.34578104525503806,0.5186715678825571,0.09579406018548572
cg_000942,Acute myeloid leukaemia,0.3677179907337582,0.9672184929355923,0.11862745633243078
cg_000943,B-lymphoblastic leukaemia,0.09364874088349975,0.7287132064438894,-0.17032392161836263
cg_000944,Acute myeloid leukaemia,0.7710141664458031,0.9390784097595488,0.042830022112961115
cg_000945,Juvenile myelomonocytic leukaemia,0.021800229724673187,0.19620206752205868,-0.6773900954519012
cg_000946,Acute promyelocytic leukaemia,0.036041002425142,0.324369021826278,0.7182292954892638
cg_000947,Acute undifferentiated leukaemia,0.006036085697250876,0.05432477127525789,0.9454365641932045
cg_000948,Acute undifferentiated leukaemia,0.016940427621114192,0.15246384859002773,0.9566238525526322
cg_000949,Healthy,0.0793233693855807,0.7139103244702263,-0.26491268462492723
cg_000950,Acute myeloid leukaemia,0.140107653190419,0.6304844393568856,0.21093054780829237
cg_000951,B-lymphoblastic leukaemia,0.0541183402521156,0.4870650622690404,0.1958419859988629
cg_000952,Acute myeloid leukaemia,0.04585933054221337,0.4127339748799203,-0.26805637557382755
cg_000953,Healthy,0.01739214890750176,0.15652934016751585,-0.3450766006996503
cg_000954,Acute myeloid leukaemia,0.35807810029340115,0.7169148604906672,0.12617797871401315
cg_000955,B-lymphoblastic leukaemia,0.17703745577468147,0.612230477938842,0.13712130394073746
cg_000956,Acute myeloid leukaemia,0.46233049933940007,0.9516410344123439,0.10446636897578973
cg_000957,Mixed phenotype acute leukaemia,0.026175962281386925,0.2355836605324823,-0.5399415841751752
cg_000958,Acute undifferentiated leukaemia,0.012307972765139804,0.11077175488625823,-1.6662805844823458
cg_000959,Acute myeloid leukaemia,0.871644153207326,0.9438044232785996,-0.022383916089276208
cg_000960,B-lymphoblastic leukaemia,0.05337437102383009,0.2472777188859618,-0.19646050155531286
cg_000961,Acute myeloid leukaemia,0.18434125805787324,0.678086454597792,-0.19106597686002652
cg_000962,Acute myeloid leukaemia,0.15894845996910417,0.671386897638305,0.21115536678850425
cg_000963,Acute myeloid leukaemia,0.33204476190359566,0.6682896650129645,-0.1423034467469736
cg_000964,Acute undifferentiated leukaemia,0.011272323068441404,0.10145090761597264,-0.8761007888256731
cg_000965,Acute myeloid leukaemia,0.2461020826015822,0.6106268083937741,-0.16304789037622097
cg_000966,Mixed phenotype acute leukaemia,0.07163634291188578,0.31088402708836665,-0.4946240089086311
cg_000967,Acute myeloid leukaemia,0.33962855673128933,0.7942924139273391,0.13795308085418256
cg_000968,B-lymphoblastic leukaemia,0.20169855112744786,0.6050956533823436,-0.1297759652335108
cg_000969,Healthy,0.01915109988519415,0.17235989896674733,-0.3504960375885161
cg_000970,T-lymphoblastic leukaemia,0.05927201029644478,0.3282811052057518,-0.3140881624345783
cg_000971,Healthy,0.004325104532205729,0.03892594078985156,0.39164935273678203
cg_000972,Acute myeloid leukaemia,0.540749726164182,0.8546790019116678,-0.0899412927938339
cg_000973,Healthy,0.06856927241854338,0.6171234517668904,-0.24888118299358095
cg_000974,B-lymphoblastic leukaemia,0.08265202513651013,0.20819742244143835,-0.17581573130930161
cg_000975,Acute myeloid leukaemia,0.41936530461296473,0.8157888051197973,0.1112874344020164
cg_000976,Acute myeloid leukaemia,0.43925709774996935,0.9587599735047755,0.11160787669329925
cg_000977,B-lymphoblastic leukaemia,0.6009877100586068,0.9702690946190459,-0.0532405315488083
cg_000978,Acute myeloid leukaemia,0.18341930245891902,0.5502579073767571,0.19747001847495377
cg_000979,Acute promyelocytic leukaemia,0.15825651336238267,0.712154310130722,0.5420106182212123
cg_000980,Acute promyelocytic leukaemia,0.3693136711560766,0.7952503820950886,0.34536675707323333
cg_000981,Juvenile myelomonocytic leukaemia,0.020179846042914177,0.1816186143862276,-1.059869169825919
cg_000982,Therapy-related acute myeloid leukaemia,0.03682889390804867,0.33146004517243804,0.6723808322233457
cg_000983,Acute myeloid leukaemia,0.046380951146847156,0.4174285603216244,0.27533063834471394
cg_000984,T-lymphoblastic leukaemia,0.19258846423183537,0.8666480890432592,0.21009442462171982
cg_000985,Acute myeloid leukaemia,0.5172272437116284,0.7693124764341913,-0.09264915632084937
cg_000986,Healthy,0.06686281115343931,0.3008826501904769,0.2584715068415667
cg_000987,Acute myeloid leukaemia,0.5603240057273127,0.652568453181291,-0.08088269043755794
cg_000988,Acute myeloid leukaemia,0.6369540244994996,0.716573277561937,-0.07014003870801794
cg_000989,Juvenile myelomonocytic leukaemia,0.05331799155750301,0.3868681656696107,0.5267458565807233
cg_000990,Acute myeloid leukaemia,0.1235997162478609,0.278099361557687,0.2041881294837475
cg_000991,Acute myeloid leukaemia,0.14297252434766905,0.5866877584593767,0.20976281743187833
cg_000992,Acute myeloid leukaemia,0.30398713060689797,0.5760325199368929,-0.14173011270050256
cg_000993,B-lymphoblastic leukaemia,0.02104042700949703,0.18936384308547327,0.2349220840996676
cg_000994,T-lymphoblastic leukaemia,0.053559777833261914,0.48203800049935724,0.29402998876648767
cg_000995,Healthy,0.0011741200666831007,0.010567080600147907,-0.46646770106342406
cg_000996,B-lymphoblastic leukaemia,0.06332568146843112,0.27299834692398534,0.18963469044922274
cg_000997,Acute promyelocytic leukaemia,0.06691325881915,0.60221932937235,0.7348644416352068
cg_000998,T-lymphoblastic leukaemia,0.008140660993933999,0.07326594894540599,0.43335879490218926
cg_000999,Acute myeloid leukaemia,0.13482207222509465,0.40446621667528393,0.20504521514125743
